regalCode;description;trade exc;retail exc;trade;retail;subcategory;category
CP422B;Ajax Hub Plus black;4610.10;5301.62;5301.615;6096.863;ajax;intr
CP422W;Ajax Hub Plus white;4583.00;5270.45;5270.45;6061.0175;ajax;intr
CP423B;Ajax Hub 2 Plus Black 200 Devices LTE Wi;5237.70;6023.36;6023.355;6926.864;ajax;intr
CP423W;Ajax Hub 2 Plus white;4959.50;5923.65;5703.425;6812.1975;ajax;intr
CP424W;Ajax Hub 2 4G White;4608.50;5299.78;5299.775;6094.747;ajax;intr
CP450W;Ajax StarterKit Cam Plus - Hub 2p + Moti;8298.90;9543.74;9543.735;10975.301;ajax;intr
CP430W;Ajax Keypad white;1334.00;1534.10;1534.1;1764.215;ajax;intr
CP430B;Ajax Keypad black;1334.00;1534.10;1534.1;1764.215;ajax;intr
CP431B;Ajax Keypad Plus Black;1574.40;1822.75;1810.56;2096.1625;ajax;intr
CP431W;Ajax Keypad Plus White;1574.40;1822.75;1810.56;2096.1625;ajax;intr
CP440B;Ajax ReX black;1674.00;1925.10;1925.1;2213.865;ajax;intr
CP440W;Ajax ReX white;1674.90;1926.14;1926.135;2215.061;ajax;intr
CP441B;Ajax MultiTransmitter;2096.70;2411.21;2411.205;2772.8915;ajax;intr
CP442B;Ajax ReX 2 Repeater 220VAC or 12VDC 12V;2334.00;2684.10;2684.1;3086.715;ajax;intr
CP442W;Ajax ReX 2 Repeater 220VAC or 12VDC 12V;2334.00;2684.10;2684.1;3086.715;ajax;intr
CP443B;Ajax VHF Bridge Black;1299.00;1932.00;1493.85;2221.8;ajax;intr
CP443W;Ajax VHF Bridge White;1777.00;2043.55;2043.55;2350.0825;ajax;intr
;"REMOTE CONTROLS; RELAYS; SWITCHES AND TRANSMITTERS";;;0;0;ajax;intr
SW420B;Ajax Button black;418.00;480.70;480.7;552.805;ajax;intr
SW420W;Ajax Button white;420.00;483.00;483;555.45;ajax;intr
SW421B;Ajax Holder for Button-DoubleButton blac;77.70;89.36;89.355;102.764;ajax;intr
SW421W;Ajax holder for Button;66.00;75.90;75.9;87.285;ajax;intr
SW422B;Ajax Tag Black;78.90;91.31;90.735;105.0065;ajax;intr
SW422W;Ajax Tag White;78.90;91.31;90.735;105.0065;ajax;intr
SW424B;Ajax SpaceControl black;420.10;483.12;483.115;555.588;ajax;intr
SW424W;Ajax SpaceControl white;420.10;483.12;483.115;555.588;ajax;intr
SW425B;Ajax Card Black (10Pcs);723.90;838.35;832.485;964.1025;ajax;intr
SW426;Ajax Relay;626.50;720.48;720.475;828.552;ajax;intr
SW427;Ajax Transmitter;670.70;771.31;771.305;887.0065;ajax;intr
SW423B;Ajax WallSwitch black;550.30;637.10;632.845;732.665;ajax;intr
SW428W;Ajax Socket white;1001.00;1151.15;1151.15;1323.8225;ajax;intr
SW429B;Ajax LeaksProtect Black;629.80;729.10;724.27;838.465;ajax;intr
SW429W;Ajax LeaksProtect white;629.80;729.10;724.27;838.465;ajax;intr
SW430;Ajax ocBridge Plus;821.10;951.05;944.265;1093.7075;ajax;intr
SW431;Ajax uartBridge;426.70;494.50;490.705;568.675;ajax;intr
;;;;0;0;ajax;intr
Prices are subject to change without prior notice.;;;;0;0;ajax;intr
E&OE. Valid until 31st March 2023.;Page: 27;;;0;0;ajax;intr
www.REGALSECURITY.co.za;05-03-2023;;;0;0;ajax;intr
;;;;0;0;ajax;intr
Trade Price List;;;;0;0;ajax;intr
INTRUSION;;;;0;0;ajax;intr
Our Code;Item Description;Trade Excl VAT;Trade Incl VAT;#VALUE!;#VALUE!;ajax;intr
POWER SUPPLY MODULES;;;;0;0;ajax;intr
PS420;Ajax 12V PSU for Hub-Hub Plus -Rex;335.40;385.71;385.71;443.5665;ajax;intr
PS421;Ajax 12V PSU for Hub 2;335.40;385.71;385.71;443.5665;ajax;intr
PS422;Ajax 6V PSU for Hub 2 Plus;315.50;364.55;362.825;419.2325;ajax;intr
DOOR SENSORS;;;;0;0;ajax;intr
MC420B;Ajax DoorProtect black;502.00;577.30;577.3;663.895;ajax;intr
MC420W;Ajax DoorProtect white;474.00;545.10;545.1;626.865;ajax;intr
MC420B;Ajax DoorProtect black;502.00;577.30;577.3;663.895;ajax;intr
MC422W;Ajax DoorProtect Plus white;753.10;866.07;866.065;995.9805;ajax;intr
MOTION AND VIBRATION SENSORS;;;;0;0;ajax;intr
BD420B;Ajax MotionProtect black;751.80;864.57;864.57;994.2555;ajax;intr
BD420W;Ajax MotionProtect white;751.80;864.57;864.57;994.2555;ajax;intr
BD422W;Ajax MotionProtect Plus white;1175.30;1351.60;1351.595;1554.34;ajax;intr
BD423W;Ajax CombiProtect white;1175.30;1351.60;1351.595;1554.34;ajax;intr
BD425W;Ajax MotionProtect Curtain white;1006.10;1157.02;1157.015;1330.573;ajax;intr
BD426W;Ajax DualCurtain Outdoor white;2673.80;3074.87;3074.87;3536.1005;ajax;intr
BD426-9W;Ajax SmartBracket DualCurtain Out Wht;220.80;256.45;253.92;294.9175;ajax;intr
BD427W;Ajax MotionProtect Outdoor white;2178.70;2505.51;2505.505;2881.3365;ajax;intr
BD427-1W;Ajax Hood for MotionProtect Outdoor Whit;169.20;194.58;194.58;223.767;ajax;intr
BD428B;Ajax GlassProtect black;651.80;749.57;749.57;862.0055;ajax;intr
BD428W;Ajax GlassProtect white;651.80;749.57;749.57;862.0055;ajax;intr
PIR AND CAMERAS INDOOR;;;;0;0;ajax;intr
CC550W;Ajax MotionCam white;1918.00;2205.70;2205.7;2536.555;ajax;intr
CC550B;Ajax MotionCam black;1811.70;2095.30;2083.455;2409.595;ajax;intr
CC551B;Ajax MotionCam (PhOD) Black;2100.00;2415.00;2415;2777.25;ajax;intr
CC551W;Ajax MotionCam (PhOD) White;2109.40;2425.81;2425.81;2789.6815;ajax;intr
CC552W;Ajax MotionCam White Outdoor;3353.50;3856.53;3856.525;4435.0095;ajax;intr
CC553W;Ajax MotionCam Outdoor (PhOD) White;3688.80;4242.12;4242.12;4878.438;ajax;intr
CC552-9W;Ajax SmartBracket MotionCam Out Wht;199.50;229.43;229.425;263.8445;ajax;intr
SMOKE AND HEAT SENSORS;;;;0;0;ajax;intr
FR420B;Ajax FireProtect black;998.00;1147.70;1147.7;1319.855;ajax;intr
FR420W;Ajax FireProtect white;1006.10;1157.02;1157.015;1330.573;ajax;intr
FR421B;Ajax FireProtect Plus Black (with CO);1502.00;1727.30;1727.3;1986.395;ajax;intr
FR421W;Ajax FireProtect Plus White (with CO);1502.00;1727.30;1727.3;1986.395;ajax;intr
WARNING DEVICES;;;;0;0;ajax;intr
SD420B;Ajax HomeSiren black;839.90;965.89;965.885;1110.7735;ajax;intr
SD420W;Ajax HomeSiren white;840.10;966.12;966.115;1111.038;ajax;intr
SD421B;Ajax StreetSiren black;1667.00;1917.05;1917.05;2204.6075;ajax;intr
SD421W;Ajax StreetSiren white;1675.50;1926.83;1926.825;2215.8545;ajax;intr
;Ajax Detectors use BA34-4 Lithium 3V C2R Batteries;;;0;0;;intr
;;;;0;0;;intr
Prices are subject to change without prior notice.;;;;0;0;;intr
E&OE. Valid until 31st March 2023.;Page: 28;;;0;0;;intr
www.REGALSECURITY.co.za;05-03-2023;;;0;0;;intr
;;;;0;0;;intr
Trade Price List;;;;0;0;;intr
INTRUSION;;;;0;0;;intr
;;;;0;0;;intr
HUB TECHNICAL SPECIFICATIONS;;;;0;0;;intr
;;;;0;0;;intr
Prices are subject to change without prior notice.;;;;0;0;;intr
E&OE. Valid until 31st March 2023.;Page: 29;;;0;0;;intr
www.REGALSECURITY.co.za;05-03-2023;;;0;0;;intr
;;;;0;0;;intr
Trade Price List;;;;0;0;;intr
"CONTROL PANELS; BEAMS; DETECTORS AND ACCESSORIES";;;;0;0;;intr
;;;;0;0;;intr
LightSYS2 - LightSYS Plus Base Kits;;;;0;0;;intr
;;;;0;0;;intr
CP220;"LightSYS2 Basic Kit -Keypad; PSU & Plast";1761.00;2025.15;2025.15;2328.9225;lightsys;intr
CP221-K1;LightSYS Plus Kit 1 Standard PSU and Hou;2595.00;2984.25;2984.25;3431.8875;lightsys;intr
CP221-K2;LightSYS Plus Kit 2 Large PSU and Housin;3375.00;3881.25;3881.25;4463.4375;lightsys;intr
LightSYS2 - LightSYS Plus Keypads;;;;0;0;lightsys;intr
CP181-6;LightSYS LCD Keypad;773.00;888.95;888.95;1022.2925;lightsys;intr
CP181-8;"Elegant Keypad; White w-Prox";2011.00;2312.65;2312.65;2659.5475;lightsys;intr
CP182-8;"Elegant Keypad; Black w- Prox";1998.00;2297.70;2297.7;2642.355;lightsys;intr
CP181-9;Panda Wired Keypad without Prox;1461.00;1680.15;1680.15;1932.1725;lightsys;intr
CP181-10;RisControl IPS Touchscreen KP;4512.00;5188.80;5188.8;5967.12;lightsys;intr
CP182-7;LightSYS Panda Wireless Keypad 868MHz;1825.00;2098.75;2098.75;2413.5625;lightsys;intr
LightSYS2 - LightSYS Plus Expanded;;;;0;0;lightsys;intr
CP169;Expander Single Zone Bus;223.00;256.45;256.45;294.9175;lightsys;intr
CP172-1;LightSYS2 & ProSYS Plus 4 Relay Output;1028.00;1182.20;1182.2;1359.53;lightsys;intr
CP179;LightSYS2 & ProSYS Plus 8 zone expander;573.00;658.95;658.95;757.7925;lightsys;intr
CP189;LightSys & ProSys plus 32 Zone WL Rec 43;935.00;1075.25;1075.25;1236.5375;lightsys;intr
CP189-1;LightSys & ProSys Plus 32 Zone WL Rec 86;859.00;987.85;987.85;1136.0275;lightsys;intr
CP182-10;Risco 2-Way Wireless Slim White Keypad;1582.80;1820.22;1820.22;2093.253;lightsys;intr
LightSYS2 - LightSYS Plus PSU;;;;0;0;lightsys;intr
CP174-1;PROSYS PSU Bus pcb Exp 3A 16VAC Input;1432.00;1646.80;1646.8;1893.82;lightsys;intr
CP174-2;"L & P 3A PSU w- 2 outputs; Metal Box";2196.00;2525.40;2525.4;2904.21;lightsys;intr
CP174-3;Supervised 3A Power Supply PCB w- 2 O;1728.00;1987.20;1987.2;2285.28;lightsys;intr
LightSYS2 - LightSYS Plus Connect;;;;0;0;lightsys;intr
CP184;ProSYS Plus & LightSYS IP Plug-in Module;973.00;1118.95;1118.95;1286.7925;lightsys;intr
CP194;LightSYS2 Adaptor from panel to PC USB;2263.49;2603.01;2603.0135;2993.4615;lightsys;intr
CP208-2;LightSYS Plus 4G Module + Antenna - EU;2149.00;2471.35;2471.35;2842.0525;lightsys;intr
CP208-3;LightSYS2 4G Module plus Antenna;2169.00;2494.35;2494.35;2868.5025;lightsys;intr
CP211;ProSYS Plus and LightSYS Plug-In IP Mod;549.00;631.35;631.35;726.0525;lightsys;intr
LightSYS2 - Light5SYS Plus Component;;;;0;0;lightsys;intr
RCP220;LightSYS Main PCB Only;1036.00;1191.40;1191.4;1370.11;lightsys;intr
RCP220-1;LightSYS2 Polycarbonate Alarm Panel Box;188.15;216.37;216.3725;248.8255;lightsys;intr
RCP221;LightSYS Plus Main Board;2164.00;2488.60;2488.6;2861.89;lightsys;intr
RCP221-7;LightSYS Plus small plastic box + TMP;512.00;588.80;588.8;677.12;lightsys;intr
RCP221-8;LightSYS Plus large plastic box + TMP;1059.00;1217.85;1217.85;1400.5275;lightsys;intr
;;;;0;0;lightsys;intr
Prices are subject to change without prior notice.;;;;0;0;lightsys;intr
E&OE. Valid until 31st March 2023.;Page: 30;;;0;0;lightsys;intr
www.REGALSECURITY.co.za;05-03-2023;;;0;0;lightsys;intr
;;;;0;0;lightsys;intr
Trade Price List;;;;0;0;lightsys;intr
"CONTROL PANELS; BEAMS; DETECTORS AND ACCESSORIES";;;;0;0;lightsys;intr
Our Code;Item Description;Trade Excl VAT;Trade Incl VAT;#VALUE!;#VALUE!;lightsys;intr
ProSYS PLUS;;;;0;0;lightsys;intr
CP180-3;ProSYS Plus Alarm Panel in Metal Box;3893.00;4476.95;4476.95;5148.4925;lightsys;intr
RCP180;ProSYS Plus Kit Main Plus Power Supply;2977.00;3423.55;3423.55;3937.0825;lightsys;intr
RCP165-3-1;PROSYS Metal Box White;532.80;612.72;612.72;704.628;lightsys;intr
ProSYS PLUS Keypad;;;;0;0;lightsys;intr
CP181-1;ProSYS LCD Keypad with icons;1299.82;1494.79;1494.793;1719.0085;lightsys;intr
CP181-8;"Elegant Keypad; White w-Prox";2011.00;2312.65;2312.65;2659.5475;lightsys;intr
CP182-8;"Elegant Keypad; Black w- Prox";1998.00;2297.70;2297.7;2642.355;lightsys;intr
CP181-9;Panda Wired Keypad without Prox;1461.00;1680.15;1680.15;1932.1725;lightsys;intr
CP181-10;RisControl IPS Touchscreen KP;4512.00;5188.80;5188.8;5967.12;lightsys;intr
CP182-7;LightSYS Panda Wireless Keypad 868MHz;1825.00;2098.75;2098.75;2413.5625;lightsys;intr
CP182-10;Risco 2-Way Wireless Slim White Keypad;1582.80;1820.22;1820.22;2093.253;lightsys;intr
ProSYS PLUS Connect;;;;0;0;lightsys;intr
CP184;ProSYS Plus & LightSYS IP Plug-in Module;973.00;1118.95;1118.95;1286.7925;lightsys;intr
CP207;ProSYS Plus PSTN Plug-in Module;883.20;1015.68;1015.68;1168.032;lightsys;intr
CP208-2;LightSYS Plus 4G Module + Antenna - EU;2149.00;2471.35;2471.35;2842.0525;lightsys;intr
CP208-3;LightSYS2 4G Module plus Antenna;2169.00;2494.35;2494.35;2868.5025;lightsys;intr
CP209-1;ProSYS Plus Plug-in 2GModule - Metal Box;1849.00;2126.35;2126.35;2445.3025;lightsys;intr
;ProSYS PLUS Expanded;;;0;0;lightsys;intr
CP169;Expander Single Zone Bus;223.00;256.45;256.45;294.9175;lightsys;intr
CP171-2;ProSYS Plus 16 zone expander;997.20;1146.78;1146.78;1318.797;lightsys;intr
CP172-1;LightSYS2 & ProSYS Plus 4 Relay Output;1028.00;1182.20;1182.2;1359.53;lightsys;intr
CP179;LightSYS2 & ProSYS Plus 8 zone expander;573.00;658.95;658.95;757.7925;lightsys;intr
CP189;LightSys & ProSys plus 32 Zone WL Rec 43;935.00;1075.25;1075.25;1236.5375;lightsys;intr
CP189-1;LightSys & ProSys Plus 32 Zone WL Rec 86;859.00;987.85;987.85;1136.0275;lightsys;intr
ProSYS PLUS PSU;;;;0;0;lightsys;intr
CP174-1;PROSYS PSU Bus pcb Exp 3A 16VAC Input;1432.00;1646.80;1646.8;1893.82;lightsys;intr
CP174-2;"L & P 3A PSU w- 2 outputs; Metal Box";2196.00;2525.40;2525.4;2904.21;lightsys;intr
CP174-3;Supervised 3A Power Supply PCB w- 2 O;1728.00;1987.20;1987.2;2285.28;lightsys;intr
CP174-4;ProSYS BASIC B2BOX Only  + Tamper Switch;896.00;1030.40;1030.4;1184.96;lightsys;intr
RCP221-3;4.5Amp Power Supply without AC cable;485.00;557.75;557.75;641.4125;lightsys;intr
ProSYS PLUS License;;;;0;0;lightsys;intr
CPS001;ProSYS Plus Single Zone License;45.60;52.44;52.44;60.306;lightsys;intr
;;;;0;0;;intr
Prices are subject to change without prior notice.;;;;0;0;;intr
E&OE. Valid until 31st March 2023.;Page: 31;;;0;0;;intr
www.REGALSECURITY.co.za;05-03-2023;;;0;0;;intr
;;;;0;0;;intr
Trade Price List;;;;0;0;;intr
"CONTROL PANELS; BEAMS; DETECTORS AND ACCESSORIES";;;;0;0;;intr
Our Code;Item Description;Trade Excl VAT;Trade Incl VAT;#VALUE!;#VALUE!;;intr
Risco Indoor Wired;;;;0;0;;intr
BD151-1;PIR Zodiac Quad;120.00;187.45;138;215.5675;risco;intr
BD151-10;PIR Bracket Zodiac;8.40;9.66;9.66;11.109;risco;intr
BD152;PIR iWise Anti-Cloak;618.00;710.70;710.7;817.305;risco;intr
BD152-7;PIR Bracket iWise Wall Mnt;98.00;112.70;112.7;129.605;risco;intr
BD152-8;PIR Bracket iWise Ceiling Mnt;98.00;112.70;112.7;129.605;risco;intr
BD156-5;PIR WatchIn DT AM Ind Detector;2791.20;3209.88;3209.88;3691.362;risco;intr
BD157;PIR BWare DT Grade 2;536.00;616.40;616.4;708.86;risco;intr
BD157-1;PIR BWare DT AM Grade 3 15m;955.00;1098.25;1098.25;1262.9875;risco;intr
BD157-3;PIR BWare DT Bus Grade 2 15m;634.00;729.10;729.1;838.465;risco;intr
BD157-8;PIR BWare Wall or Ceiling Mnt Bracket;98.00;112.70;112.7;129.605;risco;intr
BD157-9;PIR BWare QUAD AM Grade 3;628.00;722.20;722.2;830.53;risco;intr
BD160-1;PIR Lunar 360 Deg Ceiling Mnt;520.00;598.00;598;687.7;risco;intr
BD184-4;PIR Digi-Sense 12m 32kg Pet;278.00;319.70;319.7;367.655;risco;intr
BD184-9;Digi-Sense Swivel Bracket for Quad 12m;29.00;33.35;33.35;38.3525;risco;intr
BD154-1;PIR Lunar Ind 8.6m 360 Deg;2173.00;2498.95;2498.95;2873.7925;risco;intr
BD154-4;PIR Lunar Ind Programmer;1230.00;1414.50;1414.5;1626.675;risco;intr
BD156-5;PIR WatchIn DT AM Ind Detector;2791.20;3209.88;3209.88;3691.362;risco;intr
Risco Detect;;;;0;0;risco;intr
BD80;Seismic Detector;2466.00;2835.90;2835.9;3261.285;risco;intr
BD170;ShockTec Digital Detector;446.00;512.90;512.9;589.835;risco;intr
BD155-5;GBD Vitron Plus RG71FM Glass Break Detec;449.00;516.35;516.35;593.8025;risco;intr
BD155-1;Vitron Glass Break Detector Bracket RG 6;17.00;19.55;19.55;22.4825;risco;intr
BD155-2;Vitron Glass Break Detector Tester;1893.00;2176.95;2176.95;2503.4925;risco;intr
Risco Outdoor Wired;;;;0;0;risco;intr
BD161;WatchOut DT AM Out Detector;2698.00;3102.70;3102.7;3568.105;risco;intr
BD161-5;PIR WatchOut Swivel Bracket;172.00;197.80;197.8;227.47;risco;intr
BD161-6;PIR WatchOut Pole Mnt Bracket;258.00;296.70;296.7;341.205;risco;intr
BD161-8;PIR WatchOut Conduit Adaptor Bracket;93.60;107.64;107.64;123.786;risco;intr
BD161-9;PIR WatchOut Swivel Conduit Adaptor Brac;159.60;183.54;183.54;211.071;risco;intr
BD162;PIR Beyond DT Anti-Masking Out Detector;1785.00;2052.75;2052.75;2360.6625;risco;intr
BD162-9;PIR Beyond 180 Deg Swivel Bracket for BD;319.00;366.85;366.85;421.8775;risco;intr
;;;;0;0;risco;intr
Prices are subject to change without prior notice.;;;;0;0;risco;intr
E&OE. Valid until 31st March 2023.;Page: 32;;;0;0;risco;intr
www.REGALSECURITY.co.za;05-03-2023;;;0;0;risco;intr
;;;;0;0;risco;intr
Trade Price List;;;;0;0;risco;intr
"CONTROL PANELS; BEAMS; DETECTORS AND ACCESSORIES";;;;0;0;risco;intr
Our Code;Item Description;Trade Excl VAT;Trade Incl VAT;#VALUE!;#VALUE!;risco;intr
Risco Wireless;;;;0;0;risco;intr
CP189-1;LightSys & ProSys Plus 32 Zone WL Rec 86;859.00;987.85;987.85;1136.0275;risco;intr
BD154-6;PIR 2-Way WL iWave DT 868 MHz;997.20;1146.78;1146.78;1318.797;risco;intr
BD154-7;PIR 2-Way WL iWave DT Pet 868 MHz;990.00;1138.50;1138.5;1309.275;risco;intr
BD154-8;PIR 2-Way WL iWave PIR 868 MHz;844.00;970.60;970.6;1116.19;risco;intr
BD154-9;PIR 2-Way WL iWave Pet 868 MHz;729.00;838.35;838.35;964.1025;risco;intr
BD156-9;PIR 12m Out Curtain AM WL IP67 868 MHz;1328.00;1527.20;1527.2;1756.28;risco;intr
BD163-1;PIR WatchOut 2-Way WL 868 MHz;2395.00;2754.25;2754.25;3167.3875;risco;intr
MC42-2;2-Way Door Window Contact 868 MHz;764.00;878.60;878.6;1010.39;risco;intr
MC42-3;2-Way Multi Function Contacts 868Mhz;679.00;780.85;780.85;897.9775;risco;intr
BD172-1;1-Way WL Shock Detector 868 MHz;452.40;520.26;520.26;598.299;risco;intr
BD172-2;1-Way WL Shock Contact 868 MHz;962.00;1106.30;1106.3;1272.245;risco;intr
BD172-3;1-Way WL Glass break Detector 868 MHz;967.99;1113.19;1113.1885;1280.1685;risco;intr
FR41;Smoke & Heat Detector 1 & 2-Way 868 MHz;1423.20;1636.68;1636.68;1882.182;risco;intr
SW153-3;Keyfob 2 Button Panic 868 MHz;442.80;509.22;509.22;585.603;risco;intr
SW153-4;2-Way WL Remote Control 868 MHz;718.80;826.62;826.62;950.613;risco;intr
SW153-5;Risco 8 Buttons 2Way KeyFob 868MHz;736.90;847.44;847.435;974.556;risco;intr
SW153-6;Risco Panda 2Way KeyFob 868MHz;573.00;658.95;658.95;757.7925;risco;intr
SW156;Wristband Panic Transmitter 868 MHz;649.00;746.35;746.35;858.3025;risco;intr
Risco VUpoint;;;;0;0;risco;intr
CC253-4;Cam 2MP VU Point PoE Bullet;1959.00;2252.85;2252.85;2590.7775;risco;intr
CC253-5;Cam 2MP VU Point WiFi Dome;1782.00;2049.30;2049.3;2356.695;risco;intr
CC253-6;Cam 2MP VU Point WiFi Bullet;1946.00;2237.90;2237.9;2573.585;risco;intr
Risco App;;;;0;0;risco;intr
CPS002;iRisco App Andriod & iOS v 4.2.2;-;-;#VALUE!;#VALUE!;risco;intr
CPS003;VUpoint Non-Risco Cam License;691.00;794.65;794.65;913.8475;risco;intr
Risco Control;;;;0;0;risco;intr
CPW01;Z-wave 16A 3Pin Power Switch;930.00;1069.50;1069.5;1229.925;risco;intr
CPW02;Z-wave Flood + Humidity + Temperature;738.00;848.70;848.7;976.005;risco;intr
CPW03;Z-wave In Wall Dual Relay (1 Way) Switch;756.00;869.40;869.4;999.81;risco;intr
;;;;0;0;;intr
Prices are subject to change without prior notice.;;;;0;0;;intr
E&OE. Valid until 31st March 2023.;Page: 33;;;0;0;;intr
www.REGALSECURITY.co.za;05-03-2023;;;0;0;;intr
;;;;0;0;;intr
Trade Price List;;;;0;0;;intr
"CONTROL PANELS; BEAMS; DETECTORS AND ACCESSORIES";;;;0;0;;intr
Our Code;Item Description;Trade Excl VAT;Trade Incl VAT;#VALUE!;#VALUE!;;intr
;IDS CONTROL PANELS & ACCESSORIES;;;0;0;;intr
CP46-4;IDS 805 Alarm Panel - Comms;820.00;943.00;943;1084.45;ids;intr
CP46-5;IDS 805 Alarm Panel - No Comms;769.00;884.35;884.35;1017.0025;ids;intr
CP46-6;IDS 806 8 Zone Alarm Panel 24VDC;712.35;819.20;819.2025;942.08;ids;intr
CP60;IDS X16 - Panel - 8 Zone Exp to 16 Zones;955.00;1098.25;1098.25;1262.9875;ids;intr
CP60-1;IDS X16 8 Zone Alarm Panel Exp 24VDC;941.00;1082.15;1082.15;1244.4725;ids;intr
CP60-4;IDS X16 8Zone Alarm Panel incl 24VDC PSU;1127.00;1296.05;1296.05;1490.4575;ids;intr
CP51-1;IDS X64 Serial - 8 Zone Alarm Panel Expa;1080.00;1242.00;1242;1428.3;ids;intr
CP51-2;IDS X64 - 8Z Alarm Panel incl 24VDC PSU;1234.00;1419.10;1419.1;1631.965;ids;intr
IDS KEYPADS;;;;0;0;ids;intr
CP48-4;IDS 806 8 Zone Alarm Keypad;544.00;625.60;625.6;719.44;ids;intr
CP52;IDS XSeries - 16 Zone LED Classic Keypad;599.00;688.85;688.85;792.1775;ids;intr
CP52-1;IDS XSeries - 16 Zone LED Curve Keypad;644.00;740.60;740.6;851.69;ids;intr
CP52-2;IDS XSeries - Multi LCD Curve Keypad;890.00;1023.50;1023.5;1177.025;ids;intr
CP52-4;IDS XSeries Soft Touch White LCD Keypad;968.00;1113.20;1113.2;1280.18;ids;intr
CP52-5;IDS XSeries Soft Touch Black LCD Keypad;969.00;1114.35;1114.35;1281.5025;ids;intr
;;;;0;0;ids;intr
;IDS ZONE EXPANDERS;;;0;0;ids;intr
CP53;IDS XSeries - 8 Zone Expander 9-16 Zone;204.00;234.60;234.6;269.79;ids;intr
CP64-1;IDS XSeries 8 Zone Smart Bus Exp Module;308.00;354.20;354.2;407.33;ids;intr
CP64-4;IDS XSeries 8 Zone Smart Expander;328.00;377.20;377.2;433.78;ids;intr
;;;;0;0;ids;intr
;IDS ANCILLARY DEVICES;;;0;0;ids;intr
CP54;IDS XSeries - Bus Receiver 2 Relay;385.00;442.75;442.75;509.1625;ids;intr
CP55-3;IDS DTMF Radio Interface Plug-in Module;135.00;155.25;155.25;178.5375;ids;intr
CP57;IDS XSeries SMS Module;1020.00;1173.00;1173;1348.95;ids;intr
CP62-2;IDS XSeries RS485 Key Bus Isolator;354.00;407.10;407.1;468.165;ids;intr
CP64;IDS X-SPS Smart Power Supply;592.00;680.80;680.8;782.92;ids;intr
CP64-1;IDS XSeries 8 Zone Smart Bus Exp Module;308.00;354.20;354.2;407.33;ids;intr
CP64-2;IDS XSeries 8 Ch Output Exp 8 x 1A Relay;672.00;772.80;772.8;888.72;ids;intr
CP48-9;IDS 806 Wireless Receiver Add-on Module;196.00;225.40;225.4;259.21;ids;intr
CP48-10;IDS Serial Interface Cable;306.00;351.90;351.9;404.685;ids;intr
CP48-12;IDS Remote Rx Analogue Bus 2 Channel 3A;341.00;392.15;392.15;450.9725;ids;intr
CP62-3;IDS 805 Key-Bus Interface Module;264.00;303.60;303.6;349.14;ids;intr
SW195;IDS 4 Button Transmitter;135.40;155.71;155.71;179.0665;ids;intr
SW195-6;IDS XSeries Remote Receiver Kit;557.00;640.55;640.55;736.6325;ids;intr
CP43-2;IDS 805 Control Card N-Comms;692.00;795.80;795.8;915.17;ids;intr
CP43-3;IDS 805 Control Card W-Comms;720.00;828.00;828;952.2;ids;intr
CP60-2;IDS X16 8 Zone Alarm PCB Only;1364.00;1568.60;1568.6;1803.89;ids;intr
CP60-3;IDS X16 8 Zone Alarm PCB Only 24VDC;941.00;1082.15;1082.15;1244.4725;ids;intr
CP43-4;IDS X64 Control Card;1334.00;1534.10;1534.1;1764.215;ids;intr
CP43-6;IDS X64 Series Panel Control Card;985.00;1132.75;1132.75;1302.6625;ids;intr
PS86;IDS 806 & XSeries Alarm Panel PSU 24VDC;212.00;243.80;243.8;280.37;ids;intr
;IDS WIRELESS OPTEX XWAVE DEVICES;;;0;0;ids;intr
CP63;Xwave Bus 16 Wireless Zone Expander;790.00;908.50;908.5;1044.775;ids;intr
CP63-2;Xwave2 Bi-Directional Wireless Bus Hub;629.00;723.35;723.35;831.8525;ids;intr
CP63-3;Xwave2 Input Output Module;429.00;493.35;493.35;567.3525;ids;intr
CP63-4;Xwave Wireless Repeater Module;1006.00;1156.90;1156.9;1330.435;ids;intr
MC43-1;Xwave2 Wireless Door Contact - WHITE;345.00;396.75;396.75;456.2625;ids;intr
MC43-2;Xwave2 Wireless Door Contact - BROWN;345.00;396.75;396.75;456.2625;ids;intr
SW157-1;Xwave 8Ch Standalone Wireless Receiver;768.00;883.20;883.2;1015.68;ids;intr
SW157-5;Xwave2 5 Button Remote;299.00;343.85;343.85;395.4275;ids;intr
SW157-6;IDS Xwave Remote;143.00;164.45;164.45;189.1175;ids;intr
SW157-7;IDS Xwave Remote Transmitter;139.00;159.85;159.85;183.8275;ids;intr
CP62-6;HYYP Module for 806 Alarm Panel;1500.00;1725.00;1725;1983.75;ids;intr
CP62-7;HYYP Dialler Interface;79.00;90.85;90.85;104.4775;ids;intr
CP62-8;HYYP Modem;1779.00;2045.85;2045.85;2352.7275;ids;intr
CP62-9;HYYP Base Station;4632.00;5326.80;5326.8;6125.82;ids;intr
CP62-10;HYYP Hub V2 bi-directional GSM M;1720.00;1978.00;1978;2274.7;ids;intr
CP62-13;HYYP Plug-in App Module X Series & 806;1524.00;1752.60;1752.6;2015.49;ids;intr
CP62-14;IDS HYYP IP Module;850.00;977.50;977.5;1124.125;ids;intr
CP62-15;IDS HYYP GSM Module for X Series Serial;1547.00;1779.05;1779.05;2045.9075;ids;intr
;;;;0;0;;intr
Prices are subject to change without prior notice.;;;;0;0;;intr
E&OE. Valid until 31st March 2023.;Page: 34;;;0;0;;intr
www.REGALSECURITY.co.za;05-03-2023;;;0;0;;intr
;;;;0;0;;intr
Trade Price List;;;;0;0;;intr
"CONTROL PANELS; BEAMS; DETECTORS AND ACCESSORIES";;;;0;0;;intr
Our Code;Item Description;Trade Excl VAT;Trade Incl VAT;#VALUE!;#VALUE!;;intr
;IDS WIRELESS OPTEX XWAVE DETECTORS;;;0;0;;intr
BD60;Optex Xwave Wireless VXI OD WA Dual PIR;1910.00;2196.50;2196.5;2525.975;optex;intr
BD60-1;Optex Xwave WL VXI AM OD WA Dual PIR;2040.00;2346.00;2346;2697.9;optex;intr
BD60-2;Optex Xwave Wireless VXI AM MW Outdoor;2099.00;2413.85;2413.85;2775.9275;optex;intr
BD60-5;Optex Xwave2 VXI WL OD LM WA Dual PIR;2065.00;2374.75;2374.75;2730.9625;optex;intr
BD60-6;Optex Xwave2 VXI AM WL OD LM WA Dual PIR;2200.00;2530.00;2530;2909.5;optex;intr
BD60-7;Optex Xwave2 VXI RDAM WL OD LM WA DT AM;2400.00;2760.00;2760;3174;optex;intr
BD70-2;PIR Optex VXI-R WL Out Low Mnt Wide Angl;1689.00;1942.35;1942.35;2233.7025;optex;intr
BD70-8;Optex Xwave WXI-R 180Deg Wireless OD Pet;2699.00;3103.85;3103.85;3569.4275;optex;intr
BD70-13;Optex Xwave2 WXI-RAM 180 Wireless OD AM;2955.00;3398.25;3398.25;3907.9875;optex;intr
BD86-7;Optex XWave2 BXS Shield Wireless Outdoor;1899.00;2183.85;2183.85;2511.4275;optex;intr
BD61;Optex Xwave Wireless BX80 OD Dual LR PIR;1499.20;1868.75;1724.08;2149.0625;optex;intr
BD61-1;Optex Xwave Wireless HX80 AM OD LR PIR;2961.00;3405.15;3405.15;3915.9225;optex;intr
BD61-5;Optex Xwave2 BX80 WL Outdoor Dual LR PIR;1649.00;1896.35;1896.35;2180.8025;optex;intr
BD61-6;Optex Xwave2 HX80 RAM WL OD HM LR AM PIR;3067.00;3527.05;3527.05;4056.1075;optex;intr
BD62;Optex Xwave Wireless HX40 AM OD Dual LR;2330.00;2679.50;2679.5;3081.425;optex;intr
BD63;Optex Xwave Wireless FIT OD Compact PIR;1003.00;1153.45;1153.45;1326.4675;optex;intr
BD63-1;Optex Xwave Wireless FIT AM OD Cpt PIR;1229.00;1413.35;1413.35;1625.3525;optex;intr
BD63-2;Optex Xwave Wireless FIT AM OD PIR LC;1050.00;1207.50;1207.5;1388.625;optex;intr
BD63-5;Optex Xwave2 FIT Wireless Outdoor Compac;1168.50;1343.78;1343.775;1545.347;optex;intr
;;;;0;0;optex;intr
BD65-1;Optex Xwave Wireless WNX 40 Pet PIR;508.80;585.12;585.12;672.888;optex;intr
BD65-2;Optex Xwave WL WFX 360 Ceiling Mount PIR;965.00;1109.75;1109.75;1276.2125;optex;intr
BD65-3;Optex Xwave WL CX 702 Industrial ID PIR;1076.00;1237.40;1237.4;1423.01;optex;intr
BD65-5;Optex Xwave2 WNX 40 Wireless ID PIR PET;566.00;650.90;650.9;748.535;optex;intr
;;;;0;0;optex;intr
BD66-5;Optex Infinity 120 WL OD PIR  Req Tx;1335.00;1535.25;1535.25;1765.5375;optex;intr
BD66-6;Optex Infinity 120 WL OD PIR MWAB Req Tx;1736.00;1996.40;1996.4;2295.86;optex;intr
BD66-7;Optex Xwave Infinity 120 WL OD PIR SPet;1473.00;1693.95;1693.95;1948.0425;optex;intr
BD64-4;Optex Xwave Wireless Beam 60m Single Ch;2934.00;3374.10;3374.1;3880.215;optex;intr
BA39;BATT SAFT Lithium 3.6V - Optex Xwave AX;343.00;394.45;394.45;453.6175;optex;intr
;DSC CONTROL PANELS & ACCESSORIES;;;0;0;;intr
CP69-3;DSC - Power 8 Alarm Panel + PC1555 LED K;1494.00;1718.10;1718.1;1975.815;dsc;intr
CP76;DSC - Alarm Panel PC1864NK 8 exp to 64 Z;1638.00;1883.70;1883.7;2166.255;dsc;intr
CP76-1;DSC NEO 64 Zone Control Panel HS2064NKZA;1658.30;1907.05;1907.045;2193.1075;dsc;intr
CP07-1;DSC - Keypad 8 Zone LED PC1555Z;636.00;731.40;731.4;841.11;dsc;intr
CP70-1;DSC - Keypad 16 Zone LED PK5516E1;739.00;849.85;849.85;977.3275;dsc;intr
CP77;DSC NEO  HS2LCDE1 Keypad - Full Message;785.00;902.75;902.75;1038.1625;dsc;intr
CP75-1;DSC - Keypad LCD PK5500E1;943.00;1084.45;1084.45;1247.1175;dsc;intr
CP71;DSC - PC5108 8 Zone Expander Module;336.00;386.40;386.4;444.36;dsc;intr
CP78;DSC - PC5208 8Z Output Module;660.00;759.00;759;872.85;dsc;intr
CP78-1;DSC NEO  HSM2108 8 Zone Expander;412.00;473.80;473.8;544.87;dsc;intr
CP78-9;DSC NEO Wireless Host Transceiver 868MHz;2599.00;2988.85;2988.85;3437.1775;dsc;intr
BD104-4;PIR - DSC NEO Wireless Pet 868MHz;830.00;954.50;954.5;1097.675;dsc;intr
MC45-3;DSC NEO Wireless Door Contact 868MHz;687.00;790.05;790.05;908.5575;dsc;intr
SW147-3;DSC NEO KEYFOB 868MHz;462.00;531.30;531.3;610.995;dsc;intr
;;;;0;0;;intr
Prices are subject to change without prior notice.;;;;0;0;;intr
E&OE. Valid until 31st March 2023.;Page: 35;;;0;0;;intr
www.REGALSECURITY.co.za;05-03-2023;;;0;0;;intr
;;;;0;0;;intr
Trade Price List;;;;0;0;;intr
"CONTROL PANELS; BEAMS; DETECTORS AND ACCESSORIES";;;;0;0;;intr
Our Code;Item Description;Trade Excl VAT;Trade Incl VAT;#VALUE!;#VALUE!;;intr
;SECURI-PROD PERIMETER ALARM PANEL;;;0;0;;intr
CP01;4 Zone Perimeter Alarm Panel;878.00;1009.70;1009.7;1161.155;securiprod;intr
;SECURI-PROD PERIMETER BEAMS;;;0;0;securiprod;intr
BD122;SP Dual IR Beams 30m;459.00;527.85;527.85;607.0275;securiprod;intr
BD123;SP Dual IR Beams 60m;668.00;768.20;768.2;883.43;securiprod;intr
BD124;SP Dual IR Beams 100m;898.00;1032.70;1032.7;1187.605;securiprod;intr
;SECURI-PROD STRIP BEAMS;;;0;0;securiprod;intr
BD252-4;SP IR Strip Beam 2-Beam 40m;494.00;568.10;568.1;653.315;securiprod;intr
BD254-3;SP IR Strip Beam 4-Beam 30m;1159.00;1332.85;1332.85;1532.7775;securiprod;intr
BD256-3;SP IR Strip Beam 6-Beam 30m;1239.00;1424.85;1424.85;1638.5775;securiprod;intr
BD256-7;SP IR Strip Beam 6-Beam 70m;1314.00;1511.10;1511.1;1737.765;securiprod;intr
BD258-3;SP IR Strip Beam 8-Beam 30m;1899.00;2183.85;2183.85;2511.4275;securiprod;intr
;CROW PASSIVES & DETECTORS - INDOOR;;;0;0;;intr
BD42-8;PIR - Crow Swan Digital Quad 18m 25Kg;169.00;194.35;194.35;223.5025;crow;intr
BD42-9;Bracket Crow PIR Mnt for Swan & Neo;58.00;66.70;66.7;76.705;crow;intr
;PASSIVES & DETECTORS - INDOOR;;;0;0;;intr
BD99-1;PIR - Optex RX Core Saver Wired Indoor;128.00;147.20;147.2;169.28;optex;intr
BD99-3;PIR Optex RX40PT Pet;261.00;300.15;300.15;345.1725;optex;intr
BD99-4;PIR - Optex Quad Logic incl Brkt RXC-ST;165.00;189.75;189.75;218.2125;optex;intr
BD99-7;PIR Optex CX 702 Wired Industrial Indoor;960.00;1104.00;1104;1269.6;optex;intr
BD99-8;Optex CDX NAM Indoor PIR AM 24 x 15m Gr3;850.00;977.50;977.5;1124.125;optex;intr
BD99-9;Optex RXC DT X5 Wired Industrial PIR;515.00;592.25;592.25;681.0875;optex;intr
BD99-2;PIR Optex Bracket CA1W;153.00;175.95;175.95;202.3425;optex;intr
BD39;PIR Paradox Pro 12m PA1081-476+;201.00;231.15;231.15;265.8225;paradox;intr
BD39-1;PIR Paradox PMD75 WL Digital Pet 40kg PA;1071.00;1231.65;1231.65;1416.3975;paradox;intr
BD42-4;PIR - Paradox Digiguard 75 Pet 40Kg;427.00;491.05;491.05;564.7075;paradox;intr
;;;;0;0;;intr
Prices are subject to change without prior notice.;;;;0;0;;intr
E&OE. Valid until 31st March 2023.;Page: 36;;;0;0;;intr
www.REGALSECURITY.co.za;05-03-2023;;;0;0;;intr
;;;;0;0;;intr
Trade Price List;;;;0;0;;intr
"CONTROL PANELS; BEAMS; DETECTORS AND ACCESSORIES";;;;0;0;;intr
Our Code;Item Description;Trade Excl VAT;Trade Incl VAT;#VALUE!;#VALUE!;;intr
;PASSIVES & DETECTORS - OUTDOOR;;;0;0;;intr
BD129;PIR - Askari Outdoor Dual 5-22m 108 Deg;983.00;1130.45;1130.45;1300.0175;;intr
BD132;SP Out Detector Dual PIR MW;545.00;626.75;626.75;720.7625;;intr
BD132-1;SP Bracket 180 Deg for BD132 Out Detecto;49.80;57.27;57.27;65.8605;;intr
BD39-5;PIR Paradox DG85 Out W-Pet Lens Bracket;1460.00;1679.00;1679;1930.85;paradox;intr
BD40-2;PIR - Paradox NV780MX Dual Side AM OD;1698.00;1952.70;1952.7;2245.605;paradox;intr
BD39-9;PIR - Paradox Wireless MG-PMD2;810.00;931.50;931.5;1071.225;paradox;intr
BD39-10;PIR Paradox PMD85 Out WL 2 Lens PA-3730;1808.00;2079.20;2079.2;2391.08;paradox;intr
BD39-12;PIR - Paradox Window & Door Dual AM Pet;1326.00;1524.90;1524.9;1753.635;paradox;intr
BD40;PIR - Paradox NVR780MR Dual WL AM OD;2422.00;2785.30;2785.3;3203.095;paradox;intr
BD70-3;PIR Optex VXI-ST Infinity Out Wide Angle;1690.00;1943.50;1943.5;2235.025;optex;intr
BD70-4;PIR - Optex WXI-ST Infinity Outdoor 180;2420.00;2783.00;2783;3200.45;optex;intr
BD70-5;PIR - Optex VXS Shield Outdoor 12m WA AM;1895.00;2179.25;2179.25;2506.1375;optex;intr
BD70-6;PIR - Optex VXS Shield Outdoor 12m WA MW;2191.00;2519.65;2519.65;2897.5975;optex;intr
BD70-10;PIR - Optex VXS WL OD LM AM LC excl Tx;2054.50;2362.68;2362.675;2717.082;optex;intr
BD70-12;PIR - Optex WXI-R 180 Deg WL OD excl Tx;2570.00;2955.50;2955.5;3398.825;optex;intr
BD70-16;PIR - Optex VXI AM Wired Outdoor Dual;1779.00;2045.85;2045.85;2352.7275;optex;intr
BD71;PIR Optex HX40 Wired Out Dual Wide Angle;1699.00;1953.85;1953.85;2246.9275;optex;intr
BD72;PIR - Optex HX80NAMC Wired Outdoor Dual;2625.00;3018.75;3018.75;3471.5625;optex;intr
BD86;PIR - Optex BX80N Boundary Guard;1087.80;1437.50;1250.97;1653.125;optex;intr
BD86-1;PIR - Optex BX80NR WL OD Dual LR excl Tx;1353.00;1555.95;1555.95;1789.3425;optex;intr
BD86-5;PIR - Optex BXS Shield Wired Outdoor;1421.00;1634.15;1634.15;1879.2725;optex;intr
BD86-6;PIR - Optex BXS Shield Wired Outdoor AM;2088.00;2401.20;2401.2;2761.38;optex;intr
BD86-8;PIR - Optex BXS Shield WL Outdoor AM LC;2069.00;2379.35;2379.35;2736.2525;optex;intr
BD87;PIR Optex LX402C Wide Angle;660.00;759.00;759;872.85;optex;intr
BD126;PIR Takex Outdoor 14 lenses 90 Degree;949.00;1091.35;1091.35;1255.0525;takex;intr
BD126-1;PIR Takex Outdoor Dual Pet 180 Degree;1625.00;1868.75;1868.75;2149.0625;takex;intr
BD126-2;PIR Takex Outdoor Dual Pet 90Deg MS-12TE;1349.00;1551.35;1551.35;1784.0525;takex;intr
BD126-3;PIR Takex O-Door W-Less Dual Pet 180 Deg;2289.00;2632.35;2632.35;3027.2025;takex;intr
BD126-4;PIR Takex Outdoor Dual Zone 180 Deg AM;1865.00;2144.75;2144.75;2466.4625;takex;intr
BD127;PIR Takex O-Door Dual 180 Degree OMS-12F;1517.00;1744.55;1744.55;2006.2325;takex;intr
BD127-6;Takex Theft Resistant Bracket and Lock;394.00;453.10;453.1;521.065;takex;intr
;OPTEX PERIMETER BEAMS;;;0;0;;intr
BD83;BEAM - Optex AX130TN Dual 40M;1134.50;1304.68;1304.675;1500.382;optex;intr
BD83-1;BEAM - Optex SL-350QN Dual 100M;4442.00;5108.30;5108.3;5874.545;optex;intr
BD83-2;BEAM - Optex SL-650QN Dual 200M;4908.00;5644.20;5644.2;6490.83;optex;intr
BD83-4;BEAM - Optex 250m Quad Active IR Outdoor;1999.00;2298.85;2298.85;2643.6775;optex;intr
;PASSIVES - OUTDOOR WIRELESS SYSTEM;;;0;0;;intr
BD300-3;RoboGuard O-door Tx 20m DPIR Brk Black;1650.00;1897.50;1897.5;2182.125;robo;intr
BD300-4;RoboGuard O-door Tx 20m DPIR Brkt Green;1650.00;1897.50;1897.5;2182.125;robo;intr
BD300-5;RoboGuard O-door Tx 20m DPIR Brkt White;1650.00;1897.50;1897.5;2182.125;robo;intr
BD304-1;RoboGuard HQ 8 Zone ONLY EXCL Charger;935.87;1076.25;1076.2505;1237.6875;robo;intr
BD305;RoboGuard Keypad 4 Zone Fixed Interface;289.30;332.70;332.695;382.605;robo;intr
BD306;RoboGuard Visual LED Indicator;209.24;240.63;240.626;276.7245;robo;intr
BD307;RoboGuard XP Alarm Cord;30.89;35.52;35.5235;40.848;robo;intr
BD308;RoboGuard Universal 1 Channel Pulsed Rx;253.17;291.15;291.1455;334.8225;robo;intr
BD309;RoboGuard 4 Ch Universal Transmitter;353.57;406.61;406.6055;467.6015;robo;intr
BD310;RoboGuard Remote 4 Button;148.41;170.67;170.6715;196.2705;robo;intr
BD310-1;RoboGuard Remote 6 Button;183.33;210.83;210.8295;242.4545;robo;intr
BD312;RoboGuard Ball Bracket;113.41;130.42;130.4215;149.983;robo;intr
BD313;RoboGuard Alarm Interface;628.57;722.86;722.8555;831.289;robo;intr
BD315-1;RoboGuard Power Pack 7Ah with Siren Out;724.00;832.60;832.6;957.49;robo;intr
BD316;RoboGuard XP HQ Battery Pack;102.14;117.46;117.461;135.079;robo;intr
BD317;RoboGuard Charger 220V;119.00;136.85;136.85;157.3775;robo;intr
BA28-2;BATT KINETIC Alkaline Size C Medium 2 Pc;42.40;48.76;48.76;56.074;robo;intr
;;;;0;0;;intr
Prices are subject to change without prior notice.;;;;0;0;;intr
E&OE. Valid until 31st March 2023.;Page: 37;;;0;0;;intr
www.REGALSECURITY.co.za;05-03-2023;;;0;0;;intr
;;;;0;0;;intr
Trade Price List;;;;0;0;;intr
"CONTROL PANELS; BEAMS; DETECTORS AND ACCESSORIES";;;;0;0;;intr
Our Code;Item Description;Trade Excl VAT;Trade Incl VAT;#VALUE!;#VALUE!;;intr
;"GLASS BREAKS; SHOCK DETECTORS & ACCESSORIES";;;0;0;;intr
BD05;Crow Shock Sensor - VIB-2000;399.00;458.85;458.85;527.6775;al_acc;intr
BD07;GBD - Crow PLUS Shock & Glass Break Det;352.00;404.80;404.8;465.52;al_acc;intr
BD82;SHOCK - Seismic Detector VV600;1516.00;1743.40;1743.4;2004.91;al_acc;intr
SW61;Vibration Detector - Brown;8.35;9.60;9.6025;11.04;al_acc;intr
SW62;Vibration Detector - White;10.80;12.42;12.42;14.283;al_acc;intr
DOOR LOOPS & JUNCTION BOXES;;;;0;0;al_acc;intr
CN05;Connector Block 3A Plate Wht;18.00;20.70;20.7;23.805;al_acc;intr
CN06;Connector Block - 3A Std Black;10.20;11.73;11.73;13.4895;al_acc;intr
CN07;Connector Block - 6A Std Black;12.10;13.92;13.915;16.008;al_acc;intr
CN07-1;Connector Block - 15A 12 Way Black;14.60;16.79;16.79;19.3085;al_acc;intr
CN08;Door Loop - Expandable White;199.00;228.85;228.85;263.1775;al_acc;intr
CN22;SP Armoured Silver Door Loop;122.00;140.30;140.3;161.345;al_acc;intr
CN23;SP S-less Steel Door Loop 40cm;249.00;286.35;286.35;329.3025;al_acc;intr
CN12;Junction Box  - 24 Way White;59.20;68.08;68.08;78.292;al_acc;intr
CN13;Junction Box - 8 Way Brown;11.20;12.88;12.88;14.812;al_acc;intr
CN14;Junction Box - 8 Way White;13.10;15.07;15.065;17.3305;al_acc;intr
CN25;Junction Box - 30 Way 164x121x40mm;57.40;66.01;66.01;75.9115;al_acc;intr
CN25-1;Junction Box - Multipurpose 194x159x65mm;144.70;166.41;166.405;191.3715;al_acc;intr
CN26;Junction Box - Multipurpose 120x114x42mm;36.50;41.98;41.975;48.277;al_acc;intr
CN27;Junction Box - 6 Way 64x44x29mm EHJ3;17.00;19.55;19.55;22.4825;al_acc;intr
CN28;Junction Box - 20 Way 124x80x25mm EHJ1;21.30;24.50;24.495;28.175;al_acc;intr
CN17;Encolsure - Utility Box White;20.40;23.46;23.46;26.979;al_acc;intr
CN18;Connector - UY2 Scotch Lock - 100;107.00;123.05;123.05;141.5075;al_acc;intr
POWER SUPPLIES - AC;;;;0;0;al_acc;intr
PS25;PSU - 24VAC 2Amp;394.00;453.10;453.1;521.065;al_acc;intr
PS30;T-Former Plug-in 16VAC 1.25A;175.00;201.25;201.25;231.4375;al_acc;intr
PS51;SP PS 16VAC 2.5Amp Transformer;214.00;246.10;246.1;283.015;al_acc;intr
LT19;SP PS 12-16VAC 50VA Protected Transforme;319.00;366.85;366.85;421.8775;al_acc;intr
STROBE & SIREN COMBO's;;;;0;0;al_acc;intr
SD50;SP Siren & Strobe Red;169.00;194.35;194.35;223.5025;al_acc;intr
SD51;SP Alarm Siren & Strobe Red;179.00;205.85;205.85;236.7275;al_acc;intr
SD51-1;SP Alarm Siren & Strobe Blue;158.50;182.28;182.275;209.622;al_acc;intr
SOUND DEVICES;;;;0;0;al_acc;intr
SD01;Buzzer Rectangular Black-12VDC;34.90;40.14;40.135;46.161;al_acc;intr
SD02;Buzzer Round Black - 12VDC;34.90;40.14;40.135;46.161;al_acc;intr
SD13;SP Piezo Sounder 3 Tone Buzzer;119.00;136.85;136.85;157.3775;al_acc;intr
SD14;SP Piezo Sounder Tweeter;49.90;57.39;57.385;65.9985;al_acc;intr
SD17;SP Piezo Sounder VR6;47.80;54.97;54.97;63.2155;al_acc;intr
SD22;SP Siren 15W Comp;55.00;63.25;63.25;72.7375;al_acc;intr
SD24;Siren 20W - 6 Tone;152.00;174.80;174.8;201.02;al_acc;intr
SD26;Siren 30W - Cop siren;259.00;297.85;297.85;342.5275;al_acc;intr
SD27;Siren 30W - New sound;349.00;401.35;401.35;461.5525;al_acc;intr
SD29;SP Quad Piezo Maxi Bomb;130.00;149.50;149.5;171.925;al_acc;intr
SD30;SP Dual Piezo Mini Bomb;99.00;113.85;113.85;130.9275;al_acc;intr
OTHER;;;;0;0;al_acc;intr
SD36-1;Door Bell - Wireless;291.00;334.65;334.65;384.8475;al_acc;intr
HW05;Venus Alarm Adaptor RJ11 Socket plus Con;23.40;26.91;26.91;30.9465;al_acc;intr
;;;;0;0;;intr
Prices are subject to change without prior notice.;;;;0;0;;intr
E&OE. Valid until 31st March 2023.;Page: 38;;;0;0;;intr
www.REGALSECURITY.co.za;05-03-2023;;;0;0;;intr
;;;;0;0;;intr
Trade Price List;;;;0;0;;intr
"CONTROL PANELS; BEAMS; DETECTORS AND ACCESSORIES";;;;0;0;;intr
Our Code;Item Description;Trade Excl VAT;Trade Incl VAT;#VALUE!;#VALUE!;;intr
WARNING LIGHTS;;;;0;0;;intr
WL02;Beehive - Amber;31.20;35.88;35.88;41.262;al_lights;intr
WL03;Beehive - Clear;31.20;35.88;35.88;41.262;al_lights;intr
WL04;Beehive - Red;39.50;45.43;45.425;52.2445;al_lights;intr
WL05;Beehive - Green;31.20;35.88;35.88;41.262;al_lights;intr
WL07;Flasher - Amber;68.00;78.20;78.2;89.93;al_lights;intr
WL08;Flasher - Clear;68.00;78.20;78.2;89.93;al_lights;intr
WL09;Flasher - Green;77.90;89.59;89.585;103.0285;al_lights;intr
WL10;Flasher - Red;77.00;88.55;88.55;101.8325;al_lights;intr
WL30;SP Large Strobe Light Red;144.00;165.60;165.6;190.44;al_lights;intr
WL46;Robot Lamp - 20mm Red;113.00;129.95;129.95;149.4425;al_lights;intr
WL46-1;Robot Lamp - 20mm Amber;113.00;129.95;129.95;149.4425;al_lights;intr
WL47;Robot Lamp - 20mm Green;113.00;129.95;129.95;149.4425;al_lights;intr
WL51;Armed Status LED Indicator Red;77.00;88.55;88.55;101.8325;al_lights;intr
WL51-1;Armed Status LED Indi Tri Col;84.00;96.60;96.6;111.09;al_lights;intr
WL52;Armed Status LED Indicator Flexible Blue;77.00;88.55;88.55;101.8325;al_lights;intr
WL52-1;Armed Status LED Indicator Flexible Grn;77.00;88.55;88.55;101.8325;al_lights;intr
WL52-2;Armed Status LED Indicator Flexible Red;77.00;88.55;88.55;101.8325;al_lights;intr
WL52-3;Armed Status LED Indicator Flexible Yell;77.00;88.55;88.55;101.8325;al_lights;intr
WL54;Blue LED Super Bright Surface or Recess;47.00;54.05;54.05;62.1575;al_lights;intr
WL54-1;White LED Super Bright 12VDC;47.00;54.05;54.05;62.1575;al_lights;intr
WL54-2;Red LED Super Bright 12VDC;47.00;54.05;54.05;62.1575;al_lights;intr
WL54-3;Green LED Super Bright 12VDC;47.00;54.05;54.05;62.1575;al_lights;intr
CN20-1;LED Box 70x50x25mm Hi-Brite Red & Green;23.90;27.49;27.485;31.6135;al_lights;intr
;PANIC BUTTONS & SWITCHES;;;0;0;;intr
ES02;Emergency Sw - Latching Panic;26.70;30.71;30.705;35.3165;al_sw;intr
ES04;SP Emergency Switch NO & NC Wht;23.60;27.14;27.14;31.211;al_sw;intr
ES04-1;SP Emergency Switch NO & NC Luminous;24.90;28.64;28.635;32.936;al_sw;intr
ES05;SP Emergency Switch NO & NC Wht;26.70;30.71;30.705;35.3165;al_sw;intr
ES14;Push Button - Heavy Duty R-ST-17 N-O;224.00;257.60;257.6;296.24;al_sw;intr
ES14-1;Push Button - Heavy Duty R-ST-15 N-C;221.00;254.15;254.15;292.2725;al_sw;intr
ES15;Push Panic Single Non-Latch;178.00;204.70;204.7;235.405;al_sw;intr
MAGNETIC CONTACTS;;;;0;0;;intr
MC01;Mag Contact Flush Mnt N-C;26.90;30.94;30.935;35.581;mag_contact;intr
MC02;Flush Mount Mag - N-O;68.60;78.89;78.89;90.7235;mag_contact;intr
MC08;SP Mag Contact NC Wht;12.80;14.72;14.72;16.928;mag_contact;intr
MC10;SP Mag Contact NC Brown;12.80;14.72;14.72;16.928;mag_contact;intr
MC06;Mag Contact - N-O Brown;58.40;67.16;67.16;77.234;mag_contact;intr
MC07;Mag Contact - N-O White;58.40;67.16;67.16;77.234;mag_contact;intr
MC26;Roller Shutter - N-C Aluminium;172.00;197.80;197.8;227.47;mag_contact;intr
MC28;Roller Shutter - N-O Aluminium;222.00;255.30;255.3;293.595;mag_contact;intr
MC31;SP Mag Contact Wide Gap NC Grey;72.40;83.26;83.26;95.749;mag_contact;intr
MC32;SP Mag Contact Wide Gap NO Grey;122.50;140.88;140.875;162.012;mag_contact;intr
MC34;Mag Contact - Flush Mount Sentrol N-C;254.00;292.10;292.1;335.915;mag_contact;intr
MC40;Heavy Duty Read Switch;169.00;194.35;194.35;223.5025;mag_contact;intr
;SECURITY LIGHTING PRODUCTS;;;0;0;;intr
BD22;SENSOR - External PIR Sensor Only 12m;232.00;266.80;266.8;306.82;al_lights;intr
BD24-1;10 Watt LED Floodlight 6000K 800 Lumins;91.50;105.23;105.225;121.0145;al_lights;intr
BD24-2;20 Watt LED Floodlight 6000K 1000 Lumins;146.20;168.13;168.13;193.3495;al_lights;intr
BD25-1;10 Watt LED Floodlight with Sensor 6000K;181.70;208.96;208.955;240.304;al_lights;intr
BD25-3;30 Watt LED Floodlight with Sensor 6000K;353.90;406.99;406.985;468.0385;al_lights;intr
BD24-15;150 Watt LED Floodlight;897.00;1031.55;1031.55;1186.2825;al_lights;intr
BD24-20;200 Watt LED Floodlight;1462.00;1681.30;1681.3;1933.495;al_lights;intr
;;;;0;0;;intr
Prices are subject to change without prior notice.;;;;0;0;;intr
E&OE. Valid until 31st March 2023.;Page: 39;;;0;0;;intr
www.REGALSECURITY.co.za;05-03-2023;;;0;0;;intr
;;;;0;0;;intr
Trade Price List;;;;0;0;;intr
"ANCILLARY SECURITY SYSTEMS; COMMUNICATORS & ACCESSORIES";;;;0;0;;intr
Our Code;Item Description;Trade Excl VAT;Trade Incl VAT;#VALUE!;#VALUE!;;intr
;COMMUNICATION EQUIPMENT - RADIOS & OTHER;;;0;0;;intr
IC226;Centurion G-Switch Ultra Smart 3G Unit;1908.75;2195.06;2195.0625;2524.319;al_remote;intr
IC226-1;Centurion G-Speak Ultra 4G Kit 4 I-O's;2552.00;2934.80;2934.8;3375.02;al_remote;intr
IC226-2;Centurion Entry Panel - G-Speak Classic;462.00;531.30;531.3;610.995;al_remote;intr
IC226-4;Centurion G-Ultra GSM 4G Control V2;1959.00;1792.85;2252.85;2061.7775;al_remote;intr
CP117;"SMS Alert 9 - 9 Input; 3 Relay Outputs";1344.00;1545.60;1545.6;1777.44;al_remote;intr
CP117-1;SMS Alert 9 Plus Alarm - 6 Zones 3 Relay;1469.00;1689.35;1689.35;1942.7525;al_remote;intr
CP117-2;"SMS Alert 1 - 3 Input; 1 Output; 8 User";1144.00;1315.60;1315.6;1512.94;al_remote;intr
CP117-3;SMS Alert Standalone Alarm Kit;3750.00;4312.50;4312.5;4959.375;al_remote;intr
IC100-2;BPT - GSM-I500 In Metal Box incl Keypad;9405.00;10815.75;10815.75;12438.1125;al_remote;intr
RA01;Zartek ZA720 Two Way Radio UHF with Crad;546.00;627.90;627.9;722.085;al_remote;intr
RA01-1;Zartek Professional UHF 2 Way Radio;879.00;1010.85;1010.85;1162.4775;al_remote;intr
RA01-2;Zartek TX-8 Two Way Radio Twinpack;923.00;1061.45;1061.45;1220.6675;al_remote;intr
RA02-1;Zartek TX-8 Two way radio SUPERPACK;995.00;1144.25;1144.25;1315.8875;al_remote;intr
RA02-2;Zartek PMR UHF 2Way Radio ZA-758;1026.00;1179.90;1179.9;1356.885;al_remote;intr
RA03;Zartek PMR UHF 2Way Radio  ZA-725;1146.00;1317.90;1317.9;1515.585;al_remote;intr
RA69-4;Zartek ZA-723 TwoWay Radio UHF Handheld;599.00;688.85;688.85;792.1775;al_remote;intr
RA69-5;Zartek ZA-721 Two-Way Radio UHF Handheld;666.00;765.90;765.9;880.785;al_remote;intr
RA69-6;Zartek GE-215 USB Desktop Charger Cradle;159.00;182.85;182.85;210.2775;al_remote;intr
RA69-7;Zartek RX-8 TWIN Two-Way Radio Pack;799.00;918.85;918.85;1056.6775;al_remote;intr
RA69-8;Zartek ZA-P7 PTT Radio GSM - USB Charger;1799.00;2068.85;2068.85;2379.1775;al_remote;intr
RA69;Sherlo Mimic Base Code Hopping 2000Ch;2725.76;3134.62;3134.624;3604.813;al_remote;intr
RA69-3;Sherlo GSM - GPRS Communicator for RA69;1403.84;1614.42;1614.416;1856.583;al_remote;intr
;PEPPER GAS ALARM SYSTEMS AND ACCESSORIES;;;0;0;;intr
CP126;Pepper Gas Skunk Stand Alone Alarm 1;2394.00;2753.10;2753.1;3166.065;pepper;intr
CP127;Pepper Gas Skunk Master Unit;3438.00;3953.70;3953.7;4546.755;pepper;intr
CP127-1;Pepper Gas Skunk Slave Unit;1713.00;1969.95;1969.95;2265.4425;pepper;intr
CP127-2;Pepper Canister 250g (425ml);232.00;266.80;266.8;306.82;pepper;intr
CP127-3;Pepper Gas Neutralizer 110 ml 80gr;132.00;151.80;151.8;174.57;pepper;intr
CP127-6;Pepper Spray 40grm (60ml);63.00;72.45;72.45;83.3175;pepper;intr
CP127-9;Pepper Spray 60 grm (110ml);76.00;87.40;87.4;100.51;pepper;intr
CP127-10;Pepper Spray 225ml (for CP126);112.00;128.80;128.8;148.12;pepper;intr
CP127-5;Pepper Gas Skunk Warning Sign;138.00;158.70;158.7;182.505;pepper;intr
;FOG GENERATING SYSTEMS AND ACCESSORIES;;;0;0;pepper;intr
LK89-10;JTZ-501PC Fog Generator;6500.00;7475.00;7475;8596.25;pepper;intr
LK89-11;JTZ-501PC Fog Generator Refill;1294.00;1488.10;1488.1;1711.315;pepper;intr
;GUARD MONITORING SYSTEMS;;;0;0;pepper;intr
RA55;GuardTrack Lite Incl Docking Station;2440.00;2806.00;2806;3226.9;pepper;intr
RA56;GuardTrack Patrol Baton Stainless Steel;3227.00;3711.05;3711.05;4267.7075;pepper;intr
RA57;GuardTrack Patrol Point Incl Bracket;55.00;63.25;63.25;72.7375;pepper;intr
RA58;GuardTrack 64 Software On(Multiple Site);2211.00;2542.65;2542.65;2924.0475;pepper;intr
;RF JAMMING DETECTION EQUIPMENT;;;0;0;;intr
RA50;Mall Guard Jamming Detector 200m;3125.50;3594.33;3594.325;4133.4795;jam;intr
RA50-1;Superplex Portable Jamming Detect;2800.98;3221.13;3221.127;3704.2995;jam;intr
