regalCode,description,Retail Excl VAT,Trade Excl VAT,trade,retail,subcategory,category
,CCTV KITS - HIK VISION  HD-TVI,,,,,,
SP150-5,HIK HD-TVI 4Ch Hi-Res DVR 4 Cam Base Kit,3612,2492,2865.8,4153.8,kit,suv
SP151-5,HIK HD-TVI 8Ch Hi-Res DVR 8 Cam Base Kit,6486,4475,5146.25,7458.9,kit,suv
SP152-5,HIK HD-TVI 16Ch HiResDVR 16 Cam Base Kit,11005,7593,8731.95,12655.75,kit,suv
,CCTV Kits Consist of: 4-8-16 CH DVR with HDD and 4-8-16 IR Dome or IR Bullet Cameras.,,,0,0,kit,suv
SP150-3,HIK HD-TVI 4 Channel DVR MAXI Kit,7320,5124,5892.6,8418,kit,suv
SP151-3,HIK HD-TVI 8 Ch DVR 8 Camera MAXI Kit,9695,6786,7803.9,11149.25,kit,suv
SP152-3,HIK HD-TVI 16 Ch DVR 16 Cam MAXI Kit,16492,11379,13085.85,18965.8,kit,suv
,"CCTV Kits Consist of: 4-8-16 CH DVR with HDD and 4-8-16 IR Dome or IR Bullet Cameras,",,,0,0,kit,suv
,"18.5""monitor, PSU, cable, BNC connectors, DC Leads, enclosures.",,,0,0,kit,suv
SP150,HIK HD-TVI 4 Ch Hi-Res DVR Installer Kit,10263,7081,8143.15,11802.45,kit,suv
SP151,HIK HD-TVI 8 Ch Hi-Res DVR Installer Kit,13205,9111,10477.65,15185.75,kit,suv
SP152,HIK HD-TVI 16Ch Hi-Res DVR Installer Kit,18538,12791,14709.65,21318.7,kit,suv
,,,,0,0,,suv
"CCTV Kits Consist of: 4-8-16 CH DVR with HDD and 4-8-16 IR Dome or IR Bullet Cameras,",,,,0,0,,suv
"23"" HDMI monitor, PSU, cable, BNC connectors, BNC Boots, DC Leads, enclosures,",,,,0,0,,suv
HDMI cable and warning signs.,,,,0,0,,suv
,,,,0,0,,suv
SECURI-PROD CCTV,,,,0,0,,suv
CC231,SP Cam 1080p in Smoke Detector Housing 4,795,542,623.3,914.25,cam,suv
CC136,SP Cam 1080p Mini Pinhole 4-in-1 3.7 Len,789,549,631.35,907.35,cam,suv
,"4 in 1 Range TVI, CVI, AHD and Analogue",,,0,0,,suv
,,,,0,0,,suv
Prices are subject to change without prior notice.,,,,0,0,,suv
E&OE. Valid until 31st March 2023.,Page: 4,,,0,0,,suv
www.REGALSECURITY.co.za,05-03-2023,,,0,0,,suv
,,,,0,0,,suv
Trade Price List,,,,0,0,,suv
SURVEILLANCE,,,,0,0,,suv
Our Code,Item Description,Retail Excl VAT,Trade Excl VAT,#VALUE!,#VALUE!,,suv
,DVRs - HIKVISION 4 Channel HD-TVI,,,0,0,,suv
CD01,DVR 4-ch 1080p Lite eSSD DVR 330GB Built,2166,1516,1743.4,2490.9,dvr,suv
CD07,DVR Mini 4 Ch HD-TVI-AHD-Analog 25fps 1U,1029,703,808.45,1183.35,dvr,suv
CD07-1,DVR Mini 4Ch HD-TVI-AHD-Analog 25fps 1TB,2337,1595,1834.25,2687.55,dvr,suv
CD21,Hik 4Ch Turbo 4.0 DVR HD-TVI 1080p,1534,1046,1202.9,1764.1,dvr,suv
CD21-1,Hik 4Ch Turbo 4.0 DVR HD-TVI 1TB HDD,2753,1880.3,2162.345,3165.95,dvr,suv
CD24,HIK 4 Ch AcuSense DVR - 2ch False Alarm,1842,1259,1447.85,2118.3,dvr,suv
CD24-1,HIK 4 Channel AcuSense DVR incl 1TB HDD,2993,2095,2409.25,3441.95,dvr,suv
,DVRs - HIKVISION 8 Channel HD-TVI,,,0,0,dvr,suv
CD02,DVR Hik 8-ch 1080p Lite eSSD DVR,2548,1777,2043.55,2930.2,dvr,suv
CD08,DVR Mini 8 Ch HD-TVI-AHD-Analog 25fps 1U,1377,941,1082.15,1583.55,dvr,suv
CD08-1,DVR Mini 8Ch HD-TVI-AHD-Analog 25fps 2TB,3077,2100,2415,3538.55,dvr,suv
CD19,HIK 8 Ch Turbo 3.0 DVR HD-TVI H264+ 4K,5231,3569,4104.35,6015.65,dvr,suv
CD19-1,HIKVISION 8-ch 5MP AcuSense DVR 1 SATA 5,6364,4378,5034.7,7318.6,dvr,suv
CD22,Hik 8Ch Turbo 4.0 DVR HD-TVI 1080p,2264,1547,1779.05,2603.6,dvr,suv
CD22-1,Hik 8Ch Turbo 4.0 DVR HD-TVI 2TB HDD,3918,2674,3075.1,4505.7,dvr,suv
CD25,HIK 8 Ch AcuSense DVR - 4ch False Alarm,3581,2447,2814.05,4118.15,dvr,suv
CD25-1,HIK 8 Ch AcuSense DVR - incl 2TB HDD,5190,3542,4073.3,5968.5,dvr,suv
,DVRs - HIKVISION 16-32 Channel HD-TVI,,,0,0,dvr,suv
CD09,DVR Mini 16Ch HD-TVI-AHD-Analog 25fps 1U,2358,1611,1852.65,2711.7,dvr,suv
CD09-1,DVR Mini 16Ch HD-TVI-AHD-Analog 25fps 3T,4541,3099,3563.85,5222.15,dvr,suv
CD20,HIK 16-ch 5MP AcuSense DVR 2 SATA,10523,7191,8269.65,12101.45,dvr,suv
CD20-1,HIK 16-ch 5MP AcuSense DVR 2 SATA,12873,8786,10103.9,14803.95,dvr,suv
CD23,HIK 16Ch Turbo 4.0 DVR HD-TVI 1080p,4030,2754,3167.1,4634.5,dvr,suv
CD23-1,HIK 16Ch Turbo 4.0 DVR HD-TVI 4TB HDD,6539,4463,5132.45,7519.85,dvr,suv
CD26,HIK 16 Ch AcuSense DVR - 4ch False Alarm,6251,4271,4911.65,7188.65,dvr,suv
CD26-1,HIK 16 Ch AcuSense DVR - incl 4TB HDD,8413,5768,6633.2,9674.95,dvr,suv
CD133,HIK 32Ch DVR Tribrid HD-TVI 720p 4 SATA,17556,11998,13797.7,20189.4,dvr,suv
CD133-1,HIK 32Ch DVR HD-TVI 720p 2U 4TB HDD,19475,13292,15285.8,22396.25,dvr,suv
CD134,HIK 32Ch AcuSense DVR HD-TVI Tribrid 108,10087,6893,7926.95,11600.05,dvr,suv
CD134-1,HIK 32 Ch AcuSense DVR incl 4TB HDD,12787,8727,10036.05,14705.05,dvr,suv
,,,,0,0,,suv
Prices are subject to change without prior notice.,,,,0,0,,suv
E&OE. Valid until 31st March 2023.,Page: 5,,,0,0,,suv
www.REGALSECURITY.co.za,05-03-2023,,,0,0,,suv
,,,,0,0,,suv
Trade Price List,,,,0,0,,suv
SURVEILLANCE,,,,0,0,,suv
Our Code,Item Description,Retail Excl VAT,Trade Excl VAT,#VALUE!,#VALUE!,,suv
,HIKVISION HD-TVI BULLET CAMERAS,,,0,0,,suv
CC376-2,HIK HD-TVI Bullet Camera 1080p - IR 25m,584,399,458.85,671.6,cam,suv
CC376-6,HIK HD-TVI Bullet Cam 1080p IR 20M 2.8mm,326,195,224.25,374.9,cam,suv
CC376-8,HD-TVI ColorVu PIR Bullet Camera 1080p,1721,1174,1350.1,1979.15,cam,suv
CC376-9,HD-TVI ColorVu Bullet Camera 1080p - 2.8,732,499,573.85,841.8,cam,suv
CC376-10,HD-TVI ColorVu Bullet Cam 1080p - 2.8mm,856,585,672.75,984.4,cam,suv
CC376-12,HIK HD-TVI ColorVu Fixed Bullet Cam1080p,992,682,784.3,1140.8,cam,suv
CC376-13,2MP Dual Light Audio Fixed Mini Bullet,717,489,562.35,824.55,cam,suv
CC377,HIK HD-TVI Bullet 1080p EXIR IR 40M 3.6m,752,512,588.8,864.8,cam,suv
CC377-1,HIK HD-TVI Bullet 1080p EXIR 50M 2.8mm,987,674,775.1,1135.05,cam,suv
CC379,HIK Bullet Cam HD-TVI 1080p IR40m VF,1170,799,918.85,1345.5,cam,suv
CC268,HD-TVI EXIR 5MP Bullet Cam IR 30m 2.8mm,1154,775,891.25,1327.1,cam,suv
CC268-1,HD-TVI EXIR 5MP Bullet Cam IR 80m MVF,2547,1740,2001,2929.05,cam,suv
,HIKVISION HD-TVI DOME CAMERAS,,,0,0,cam,suv
CC386-1,HIK HD-TVI Dome 4 in 1 1080P IR25m 2.8mm,584,399,458.85,671.6,cam,suv
CC386-2,HIK HD-TVI Dome 4in1 1080P IR 20M 3.6mm,520,355,408.25,598,cam,suv
CC386-6,HD-TVI Plastic Dome Cam 1080p IR 20m,303,195,224.25,348.45,cam,suv
CC386-8,HD-TVI ColorVu Dome Camera 1080p - 2.8mm,1645,1124,1292.6,1891.75,cam,suv
CC386-9,HD-TVI ColorVu Dome Camera 1080p - 2.8mm,776,530,609.5,892.4,cam,suv
CC386-13,2MP Dual Light Audio Fixed Turret 2.8mm,601,410,471.5,691.15,cam,suv
CC387,HIK HD-TVI Dome 720p EXIR IR 40M 3.6mm,663,453,520.95,762.45,cam,suv
CC387-1,HIK HD-TVI Dome 1080p EXIR 40M 3.6mm,874,595,684.25,1005.1,cam,suv
CC388-2,HIK HD-TVI Turret Cam 1080p IR40m VF,1301,889,1022.35,1496.15,cam,suv
CC269,HD-TVI EXIR 5MP Turret Cam IR 30m 2.8mm,1293,883,1015.45,1486.95,cam,suv
CC269-1,HD-TVI EXIR 5MP Dome Cam IR60m MVF,2307,1576,1812.4,2653.05,cam,suv
,PTZ CAMERAS & ACCESSORIES - HIKVISION,,,0,0,,suv
CC98-3,HIK HD-TVI PTZ Camera CMOS 1080p 25 x OZ,6895,4712,5418.8,7929.25,cam,suv
CC95-1,HIK Speed Dome Keyboard Network Control,5481.62,3741,4302.15,6303.863,cam,suv
CC468-2,HIK PTZ Brkt Pendant Mnt for CC99 CC99-1,536,366,420.9,616.4,cam,suv
CC468-3,HIK PTZ Bracket Corner Mount White,664,452,519.8,763.6,cam,suv
CC468-4,HIK PTZ Bracket Pole Mount White,664,453,520.95,763.6,cam,suv
CC468-5,HIK Compact PTZ Bracket Wall Mount White,458,312,358.8,526.7,cam,suv
CC468-10,HIK Speed Dome EI Coupling Ring White,108,74,85.1,124.2,cam,suv
CA21,SP Uni Cam Mnt Enclose 115x115x48mm,58,39,44.85,66.7,cam,suv
CA21-5,SP Enclose Blk Uni Cam Mnt 115x115x48mm,58,39,44.85,66.7,cam,suv
CA21-1,SP L Uni Cam Mnt Enclose 161x161x48mm Wh,88,59,67.85,101.2,cam,suv
,,,,0,0,,suv
Prices are subject to change without prior notice.,,,,0,0,,suv
E&OE. Valid until 31st March 2023.,Page: 6,,,0,0,,suv
www.REGALSECURITY.co.za,05-03-2023,,,0,0,,suv
,,,,0,0,,suv
Trade Price List,,,,0,0,,suv
SURVEILLANCE,,,,0,0,,suv
Our Code,Item Description,,Retail Excl VAT,#VALUE!,0,,suv
NVR's - Mini Embedded HIKVISION,,,,0,0,,suv
CD61-1,HIK 4Ch Mini NVR 25Mbps 1 SATA H,,3732,4291.8,0,nvr,suv
CD62-1,HIK 8Ch Mini NVR 50Mbps 1 SATA 1,,4934,5674.1,0,nvr,suv
CD64-1,HIK 4Ch Mini NVR 1SATA 1HDMI No PoE 1TBH,,2792,3210.8,0,nvr,suv
CD65-1,HIK 8Ch Mini NVR 1SATA 1HDMI No PoE 2TBH,,3332,3831.8,0,nvr,suv
NVR's - Embedded HIKVISION,,,,0,0,nvr,suv
CD70-4,HIK 8 Ch NVR 80Mbps 8 PoE - 2 SATA Bay,,5485,6307.75,0,nvr,suv
CD70-5,HIK 8 Ch NVR 80Mbps 8 PoE 2 SATA 2TB HD,,7278,8369.7,0,nvr,suv
CD70-6,HIK 8 Ch NVR 80Mbps 8 PoE 2 SATA 4TBHDD,,8306,9551.9,0,nvr,suv
CD71-4,HIK 8 Ch NVR 80Mbps,Alarm IO 2SATA NoPo,3316,3813.4,#VALUE!,nvr,suv
CD71-5,HIK 8 Ch NVR 80Mbps IO 2 SATA No PoE 3T,,5758,6621.7,0,nvr,suv
CD72-4,HIK 16 Ch NVR 160Mbps Alarm IO - No PoE,,3779,4345.85,0,nvr,suv
CD72-5,HIK 16 Ch NVR 160Mbps IO - No PoE  3TB,,6235,7170.25,0,nvr,suv
CD75,NVR HIKVISION 16 Channel Embedded no PoE,,7926,9114.9,0,nvr,suv
CD75-1,HIK 16Ch NVR 160Mbps No PoE 2SATA 3TBHDD,,9197,10576.55,0,nvr,suv
CD76-9,HIK 16Ch NVR 160Mbps 16PoE 2SATA AlarmIO,,7842,9018.3,0,nvr,suv
CD76-3,HIK 16 Ch NVR 160Mbps 16PoE Alarm IO 3TB,,10047,11554.05,0,nvr,suv
CD90,HIK 16ch AcuSense NVR with 4ch False Ala,,12221,14054.15,0,nvr,suv
CD92,16 Channel AcuSense NVR 256Mbps with 16,,13463,15482.45,0,nvr,suv
CD94,HIK 16 Ch DeepInMind NVR with No PoE,,51190,58868.5,0,nvr,suv
CD74,HIK 32 Channel Embedded NVR 9632,,28516,32793.4,0,nvr,suv
CD74-1,HIK 32 Channel Embedded NVR 9632 3TB HDD,,28964.3,33308.945,0,nvr,suv
CD91,HIK 32ch AcuSense NVR with 4ch False Ala,,13582,15619.3,0,nvr,suv
CD93,32 Channel AcuSense NVR 256Mbps with 16,,17871,20551.65,0,nvr,suv
CD95,HIK 32 Ch DeepInMind NVR with No PoE,,54394,62553.1,0,nvr,suv
CD77,HIKVISION Embedded NVR 64 Channel 160Mbp,,43691,50244.65,0,nvr,suv
CD77-1,HIKVISION NVR 64 Channel 160Mbp 4TBHDD,,45421,52234.15,0,nvr,suv
CDC999-HC,CCTV R250 Dell Video Management Server,,82668,95068.2,0,nvr,suv
CDC999-VSS,CCTV R250 VSS Video Management Server,,79469,91389.35,0,nvr,suv
,,,,0,0,,suv
Prices are subject to change without prior notice.,,,,0,0,,suv
E&OE. Valid until 31st March 2023.,Page: 7,,,0,0,,suv
www.REGALSECURITY.co.za,05-03-2023,,,0,0,,suv
,,,,0,0,,suv
Trade Price List,,,,0,0,,suv
SURVEILLANCE,,,,0,0,,suv
Our Code,Item Description,,Retail Excl VAT,#VALUE!,0,,suv
IP CAMERAS - HIKVISION Bullets,,,,0,0,,suv
CC400,HIK 2MP Mini Bullet Cam 2.8mm EasyIP 1.0,,1951,2243.65,0,cam_ip,suv
CC400-1,HIK 2MP Dome Cam 2.8mm Lens EasyIP 1.0,,2091,2404.65,0,cam_ip,suv
CC400-2,HIK 4MP Mini Bullet Cam IR30m EasyIP 1.0,,2198,2527.7,0,cam_ip,suv
CC401,HIK 2MP Bullet Cam IR60m 2.8-12mm EasyIP,,3830.24,4404.776,0,cam_ip,suv
CC401-1,HIK 2MP Dome Cam IR40m 2.8-12mm EasyIP,,4052.97,4660.9155,0,cam_ip,suv
CC409-AS,2MP AcuSense Bullet Cam - 2.8mm Fixed,,3278,3769.7,0,cam_ip,suv
CC409-2TAS,2MP AcuSense Bullet Cam - 6mm Fixed Lens,,3216.29,3698.7335,0,cam_ip,suv
CC409-4TAS,4MP AcuSense Bullet Cam - 4mm Fixed Lens,,3792,4360.8,0,cam_ip,suv
CC409-6,HIK IP Cam 2MP Bullet IR 20M - 4mm IP66,,2926.17,3365.0955,0,cam_ip,suv
CC409-16,HIK IP Cam 2MP Bullet IR 30M 2.8mm IP67,,2972,3417.8,0,cam_ip,suv
CC409-8,HIK IP Cam 2MP EXIR Bullet 50M 6mm IP66,,3369,3874.35,0,cam_ip,suv
CC409-10,HIK IP Cam 2MP EXIR Bullet 80M 6mm IP66,,3521,4049.15,0,cam_ip,suv
CC409-14,2MP ColorVu - Acusense Bullet 4mm Fixed,,3960,4554,0,cam_ip,suv
CC409-15,4MP ColorVu - AcuSense Bullet 4mm Fixed,,4355,5008.25,0,cam_ip,suv
CC409-16,HIK IP Cam 2MP Bullet IR 30M 2.8mm IP67,,2972,3417.8,0,cam_ip,suv
CC409-17,2MP ColorVu - AcuSense Mini Bullet 2.8mm,,3257.32,3745.918,0,cam_ip,suv
CC409-18,4MP ColorVu - AcuSense Mini Bullet 2.8mm,,3756.98,4320.527,0,cam_ip,suv
CC409-W,2MP AcuSense Bullet - IR 30m - 2.8mm,,3038.99,3494.8385,0,cam_ip,suv
CC410-2,HIK IP Cam 2MP Bullet,50m MVF 2.8-12mm,5544.62,6376.313,#VALUE!,cam_ip,suv
CC410-2B,HIK IP Cam 2MP Bullet IR 50M MVF 2.8-12m,,5209.07,5990.4305,0,cam_ip,suv
CC410-AS,2MP AcuSense Bullet Camera - MVF 2.8-12m,,5269.15,6059.5225,0,cam_ip,suv
CC410-4,HIK IP Cam 4MP Bullet IR 50m MVF 2.8-12m,,17378,19984.7,0,cam_ip,suv
CC406,HIK IP Cam 4MP Darkfighter Bullet IR30m,,3479,4000.85,0,cam_ip,suv
CC406-1,HIK IP Cam 4MP AcuSense Bullet IR60m,,3582,4119.3,0,cam_ip,suv
CC406-2,HIK IP Cam 4MP AcuSense Bullet IR80m,,3726.21,4285.1415,0,cam_ip,suv
CC406-3,HIK IP Cam 4MP Darkfighter Bullet IR50m,,7163,8237.45,0,cam_ip,suv
CC406-10,8MP Bullet Camera - IR 30m - 4mm Fixed L,,4052,4659.8,0,cam_ip,suv
CC406-11,8MP Bullet Camera - IR 50m - MVF 2.8-12m,,8492,9765.8,0,cam_ip,suv
CC406-12,8MP EXIR Bullet Camera - IR 80m - 6mm Fi,,5128,5897.2,0,cam_ip,suv
CC406-B,4MP AcuSense Bullet Cam - IR 40m - 2.8mm,,3247.06,3734.119,0,cam_ip,suv
CC409-W,2MP AcuSense Bullet - IR 30m - 2.8mm,,3038.99,3494.8385,0,cam_ip,suv
CC513,HIK 7L IP Cam 2MP Bullet DL ANPR MVF,,11147,12819.05,0,cam_ip,suv
CC513-2,HIK 7L IP Cam 2MP Bullet DL ANPR 8-32mm,,13257,15245.55,0,cam_ip,suv
CC513-6,2MP ANPR Bullet Cam - IR 50m - MVF,,13186,15163.9,0,cam_ip,suv
CC515,HIK 4MP Smart Bullet Cam IR 200m - MVF,,15732.72,18092.628,0,cam_ip,suv
IP CAMERAS - HIKVISION Domes,,,,0,0,cam_ip,suv
CC400-1,HIK 2MP Dome Cam 2.8mm Lens EasyIP 1.0,,2091,2404.65,0,cam_ip,suv
CC400-3,HIK 4MP Mini Dome Cam IR30m EasyIP 1.0,,2170,2495.5,0,cam_ip,suv
CC401-1,HIK 2MP Dome Cam IR40m 2.8-12mm EasyIP,,4052.97,4660.9155,0,cam_ip,suv
CC407-2,HIK IP Cam 2MP Mini Dome IR 10M 2.8mm,,3641,4187.15,0,cam_ip,suv
CC407-5,4MP Darkfighter Mini Dome Camera - IR 10,,4054,4662.1,0,cam_ip,suv
CC408-AS,2MP AcuSense Dome Cam - 4mm Fixed Lens,,3002.36,3452.714,0,cam_ip,suv
CC408-6,HIK IP Cam 2MP Dome IR 30M - 4mm - IP67,,3185,3662.75,0,cam_ip,suv
CC408-9,HIK IP Cam 2MP Dome IR 30m MVF 2.8-12mm,,6162,7086.3,0,cam_ip,suv
CC408-11,HIK IP Cam 2MP Dome IR 30M - 2.8mm IP67,,3170,3645.5,0,cam_ip,suv
CC408-14,4MP AcuSense Dome Cam IR 30m 2.8mm Lens,,3430,3944.5,0,cam_ip,suv
CC408-14B,4MP AcuSense Dome Cam - IR 30m - 2.8mm,,3080.02,3542.023,0,cam_ip,suv
CC408-15,4MP AcuSense Dome Cam IR 30m MVF 2.8-12m,,6492,7465.8,0,cam_ip,suv
CC408-16,4MP AcuSense Dome Camera - IR 30m - 4mm,,2927.63,3366.7745,0,cam_ip,suv
CC408-20,8MP Dome Camera - IR 30m - 2.8mm Fixed L,,4392.91,5051.8465,0,cam_ip,suv
CC408-21,8MP Dome Camera  - IR 30m - MVF 2.8-12mm,,7887.61,9070.7515,0,cam_ip,suv
CC408-23,Hik 2MP ColorVu Dome Cam 2.8mm IP67 IK10,,3593,4131.95,0,cam_ip,suv
CC435-4,2MP AcuSense Turret Cam - IR 30m- 2.8mm,,2603,2993.45,0,cam_ip,suv
WiFi CAMERAS - HIKVISION,,,,0,0,cam_ip,suv
CC599,Wi-Fi Bullet Camera C3TN 3MP 2.8mm Lens,,1396,1605.4,0,cam_ip,suv
CC599-1,Wi-Fi PT Camera C6N 2MP 4mm Lens,,964,1108.6,0,cam_ip,suv
CC599-2,Wi-Fi Flood Light Camera LC1C 2MP,,3611,4152.65,0,cam_ip,suv
CC599-3,Wi-Fi Bullet Camera C3W 4MP 2.8mm Lens,,2235,2570.25,0,cam_ip,suv
CC599-4,Wi-Fi Battery Powered Camera BC1C 2MP,,3028,3482.2,0,cam_ip,suv
CC599-5,Wi-Fi PT Camera Outdoor C8C 2MP 4mm Lens,,1973,2268.95,0,cam_ip,suv
CC599-6,Wi-Fi Door Light Camera LC3 4MP,,2807,3228.05,0,cam_ip,suv
CC599-7,Solar Panel,,813,934.95,0,cam_ip,suv
CC599-8,Wi-Fi PT Camera C8PF Dual-Lens 2MP,,2794,3213.1,0,cam_ip,suv
CC599-9,Wi-Fi Battery Powered Video Doorbell DB2,,3024,3477.6,0,cam_ip,suv
CC599-10,Wi-Fi Battery Powered Camera CB3 2MP,,2356,2709.4,0,cam_ip,suv
CC599-11,Wi-Fi PT Battery Powered Camera HB8,,3814,4386.1,0,cam_ip,suv
Prices are subject to change without prior notice.,,,,0,0,,suv
E&OE. Valid until 31st March 2023.,,,,0,0,,suv
,,,www.REGALSECURITY.co.za,#VALUE!,0,,suv
,,,,0,0,,suv
Trade Price List,,,,0,0,,suv
SURVEILLANCE,,,,0,0,,suv
Our Code,Item Description,Retail Excl VAT,Trade Excl VAT,#VALUE!,#VALUE!,,suv
,IP CAMERAS - Deep In View,,,0,0,,suv
CC444,HIK Dual Lens People Counting Cam 2.0mm,20439.2,13949,16041.35,23505.08,cam_ip,suv
CC500,Hikvision 2MP Facial Capture Dome Cam,12188.21,8318,9565.7,14016.4415,cam_ip,suv
CC500-1,Hikvision 2MP Facial Capture Dome Cam,12683.47,8656,9954.4,14585.9905,cam_ip,suv
CC501,Hikvision 2MP Facial Capture Bullet Cam,13209.51,9015,10367.25,15190.9365,cam_ip,suv
,,,,0,0,cam_ip,suv
CC501-1,Hikvision 2MP Facial Capture Bullet Cam,16343.74,11154,12827.1,18795.301,cam_ip,suv
CC504,4MP Facial Recognition Camera IR30m,11934.71,8145,9366.75,13724.9165,cam_ip,suv
CC504-1,HIK 4MP Facial Recognition Dome IR50m,13198,9017,10369.55,15177.7,cam_ip,suv
,IP CAMERAS - HIKVISION Other,,,0,0,cam_ip,suv
CC428-1,"HIK Cam IP 1-3"" 6MP CMOS WDR Fisheye",17385,11881,13663.15,19992.75,cam_ip,suv
CC428-2,HIK IP Cam 5MP Fisheye IR 8m - 1.05mm,4509,3081,3543.15,5185.35,cam_ip,suv
CC428-4,"HIK IP Cam 1-3""CMOS 2mm 12MP WDR Fisheye",19016,12992,14940.8,21868.4,cam_ip,suv
CC439-2,IP Camera LPinhole Covert 2 MP,7065,4828,5552.2,8124.75,cam_ip,suv
CC700,4MP Solar Power Bullet Camera - Incl 4G,7868.56,5370,6175.5,9048.844,cam_ip,suv
,THERMAL NETWORK CAMERAS,,,0,0,cam_ip,suv
CC348,HIK Thermal Bullet 7mm 384 x 288 - IP67,58304.99,39791,45759.65,67050.7385,cam_ip,suv
CC349,HIK Thermal Bullet 10mm 384 x 288 - IP67,53334.76,36399,41858.85,61334.974,cam_ip,suv
CC350,HIK Thermal Bullet Cam 384 x 288 15mm,54220,37055,42613.25,62353,cam_ip,suv
CC351,HIK Thermal Bullet Cam 384 x 288 25mm,60584,41404,47614.6,69671.6,cam_ip,suv
CC351-1,Thermal Bullet Cam 384 x 288 Res 35mm,65938,45063,51822.45,75828.7,cam_ip,suv
CC352,HIK Thermal Bullet Cam 640 x 512 15mm,104949.28,71624,82367.6,120691.672,cam_ip,suv
CC353,HIK Thermal Bullet Cam 640 x 512 25mm,104949.28,71624,82367.6,120691.672,cam_ip,suv
CC354,HIK Thermal Dual Lens Bullet Cam - 25mm,68670.39,46865,53894.75,78970.9485,cam_ip,suv
On,,,,0,0,cam_ip,suv
CC355,HIK Thermal Dual Lens Bullet CaM - 50mm,123536.37,84309,96955.35,142066.8255,cam_ip,suv
,,,Request,#VALUE!,0,cam_ip,suv
CC356,HIK Thermal Bullet Cam - 75mm Lens,132540.52,90454,104022.1,152421.598,cam_ip,suv
CC358-1,HIK Thermal PT 25mm - IR 150M Dual Lens,120797,82555,94938.25,138916.55,cam_ip,suv
CC359-1,HIK Thermal PT 50mm - IR 150M Dual Lens,151765,103719,119276.85,174529.75,cam_ip,suv
CC360,Thermal Dual Lens Eco Bullet Cam - 7mm,9946,6797,7816.55,11437.9,cam_ip,suv
CC360-1,Thermal Dual Lens Eco Bullet Cam - 10mm,10486,7166,8240.9,12058.9,cam_ip,suv
CC361,Thermal Dual Lens Eco Dome Camera - 3mm,9672,6610,7601.5,11122.8,cam_ip,suv
CC361-1,Thermal Dual Lens Eco Dome Camera - 7mm,9685.51,6610,7601.5,11138.3365,cam_ip,suv
CC361-2,Hik Dual Lens Turret Cam - 3mm,10822,6291,7234.65,12445.3,cam_ip,suv
IP CAMERAS - HIKVISION Brackets & Junction Boxes,,,,0,0,cam_ip,suv
CC198,HIK Dome Wall Mount Brkt for IP VF Domes,369,257,295.55,424.35,cam_ip,suv
CC198-3,HIK Fisheye Pendant Brkt for CC428 Only,637,435,500.25,732.55,cam_ip,suv
CC198-4,HIK Fisheye Junction Box for CC428 Only,239,163,187.45,274.85,cam_ip,suv
CC198-5,HIK Dome Wall Mount Brkt for Mini-Domes,412,281,323.15,473.8,cam_ip,suv
CC198-6,HIK Dome Wall Mnt Brkt & Box for VF Dome,583,398,457.7,670.45,cam_ip,suv
CC198-9,HIK Wall Mount Bracket for VF Dome White,756,516,593.4,869.4,cam_ip,suv
CC198-10,HIK Wall Mount Bracket for IP Domes,379,258,296.7,435.85,cam_ip,suv
CC198-11,HIK Mini Dome Junction Box White,480,328,377.2,552,cam_ip,suv
CC198-12,HIK Junction Box Camera Bracket - White,458,305,350.75,526.7,cam_ip,suv
CC198-13,HIK Junction Box Camera Bracket White,301,205,235.75,346.15,cam_ip,suv
CC198-14,HIK Junction Box Dome Cam Bracket White,253,172,197.8,290.95,cam_ip,suv
CC198-15,HIK Cam Bracket Power Box  for CC409-2,358,230,264.5,411.7,cam_ip,suv
CC198-16,Wall mount bracket PanoVu Mini Series In,395,264,303.6,454.25,cam_ip,suv
CA21,SP Uni Cam Mnt Enclose 115x115x48mm,58,39,44.85,66.7,cam_ip,suv
CA21-1,SP L Uni Cam Mnt Enclose 161x161x48mm Wh,88,59,67.85,101.2,cam_ip,suv
CA21-5,SP Enclose Blk Uni Cam Mnt 115x115x48mm,58,39,44.85,66.7,cam_ip,suv
,,,,0,0,,suv
Prices are subject to change without prior notice.,,,,0,0,,suv
E&OE. Valid until 31st March 2023.,Page: 9,,,0,0,,suv
www.REGALSECURITY.co.za,05-03-2023,,,0,0,,suv
,,,,0,0,,suv
Trade Price List,,,,0,0,,suv
SURVEILLANCE,,,,0,0,,suv
Our Code,Item Description,Retail Excl VAT,Trade Excl VAT,#VALUE!,#VALUE!,,suv
,IP CAMERAS - HIKVISION PTZ Domes & Accessories,,,0,0,,suv
CC466-2,HIKVISION Camera PTZ 2MP 25 x OZ IR 50m,12840.26,8763,10077.45,14766.299,cam_ip,suv
CC466-3,HIKVISION PTZ 2MP - 25 x OZ ? IR 100m,10256,7009,8060.35,11794.4,cam_ip,suv
CC467,HIKVISION Camera PTZ 2MP 25 x OZ,11807.23,8058,9266.7,13578.3145,cam_ip,suv
CC467-7,HIKVISION Cam PTZ 2MP IR 150m 25 x OZ,14311.4,9767,11232.05,16458.11,cam_ip,suv
CC467-7-1,Hik  2MP Outdoor PTZ Cam - IR 200m,14961,10224,11757.6,17205.15,cam_ip,suv
CC467-10,HIKV 4 MP 25X Powered,12255,8375,9631.25,14093.25,cam_ip,suv
CC469-2,2MP Darkfighter PTZ Cam - IR 200m - 42X,42762.76,29184,33561.6,49177.174,cam_ip,suv
CC469-5,HIK IP 2MP Darkfighter PTZ IR200m 25 xOZ,34393.07,23472,26992.8,39552.0305,cam_ip,suv
CC469-6,HIK IP 4MP Darkfighter PTZ IR200m 25 xOZ,35811.47,24440,28106,41183.1905,cam_ip,suv
CC469-7,HIK IP 4MP Darkfighter PTZ IR200m 42X OZ,44426,30361,34915.15,51089.9,cam_ip,suv
CC469-9,2MP Ultra Low Light PTZ Cam -Laser IR,67753.12,46239,53174.85,77916.088,cam_ip,suv
CC95-2,Speed Dome -HIK Keyboard Network Control,5141,3513,4039.95,5912.15,cam_ip,suv
CC95-6,Speed Dome - IP Network Keyboard Control,23099,15786,18153.9,26563.85,cam_ip,suv
CC468-2,HIK PTZ Brkt Pendant Mnt for CC99 CC99-1,536,366,420.9,616.4,cam_ip,suv
CC468-3,HIK PTZ Bracket Corner Mount White,664,452,519.8,763.6,cam_ip,suv
CC468-4,HIK PTZ Bracket Pole Mount White,664,453,520.95,763.6,cam_ip,suv
CC468-5,HIK Compact PTZ Bracket Wall Mount White,458,312,358.8,526.7,cam_ip,suv
CC468-11,PTZ Wall Mnt Brkt White inc Junction Box,1304,888,1021.2,1499.6,cam_ip,suv
CC468-12,HIK Wall Mount Bracket for CC466-2,511,349,401.35,587.65,cam_ip,suv
CC468-13,HIK Pendant Mount Bracket for CC466-2,586,401,461.15,673.9,cam_ip,suv
IP CAMERAS - Software Licenses,,,,0,0,,suv
CDC100,HikCentral Single Camera Licence,953,650,747.5,1095.95,license,suv
CDC100-ALM1,Hik Alarm System Alarm Input connection,87,59,67.85,100.05,license,suv
CDC100-ANPR-C,HikCentral ANPR Single Camera Licence,3785,2583,2970.45,4352.75,license,suv
CDC100-BASE,HikCentral Base License,1309,892,1025.8,1505.35,license,suv
CDC100-BASE-300,HikCentral Base License including 300 Ch,206465,140879,162010.85,237434.75,license,suv
CDC100-BASE-4,HikCentral Base Licence Including 4 Ch,3653,2503,2878.45,4200.95,license,suv
CDC100-BASE-64,HikCentral Base License including 64 Ch,53065,36213,41644.95,61024.75,license,suv
CDC100-DATA,HikCentral Data Reporting Base Licence,23152,15797,18166.55,26624.8,license,suv
CDC100-FACE,HikCentral Facial Recognition 1 Cam Lic,4596,3136,3606.4,5285.4,license,suv
CDC100-IPS-1CH,Hikcentral IP speaker license for 1 Devi,921,628,722.2,1059.15,license,suv
CDC100-IPSM,Hikcentral IP Speaker Module - incl 2 IP,1487,1026,1179.9,1710.05,license,suv
CDC100-PSTOR,HikCentral PSTOR Video Storage Single CL,478,326,374.9,549.7,license,suv
CDC100-PSTOR-BASE HikCentral PSTOR Base License,,4633,3161,3635.15,5327.95,license,suv
CDC100-RSM-BASE,HikCentral RSM Base License -2 Sites,277776,189537,217967.55,319442.4,license,suv
CDC100-SW,HikCentral Smart Wall Base Licence,55524,37886,43568.9,63852.6,license,suv
CDC100-TM,HikCentral Temperature - Mask Module Lic,2359,1610,1851.5,2712.85,license,suv
CCTV KITS - HIKVISION IP,,,,0,0,,suv
SP164-5,HIKVISION 4 Channel NVR Base Kit,14216,9809,11280.35,16348.4,kit_ip,suv
SP165-5,HIKVISION 8 Channel NVR Base Kit,26432,18238,20973.7,30396.8,kit_ip,suv
SP166-5,HIKVISION 16 Channel NVR Base Kit,51369,35444,40760.6,59074.35,kit_ip,suv
CCTV Kits consist of 4-8-16 Channel NVR with HDD,,,,0,0,kit_ip,suv
and 4-8-16 IR Bullet or IR Dome cameras.,,,,0,0,kit_ip,suv
SP164-4,HIKVISION 4 Channel NVR MAXI Kit,17469,12053,13860.95,20089.35,kit_ip,suv
SP165-4,HIKVISION 8 Channel NVR MAXI Kit,29576,20407,23468.05,34012.4,kit_ip,suv
SP166-4,HIKVISION 16 Channel NVR MAXI Kit,55782,38489,44262.35,64149.3,kit_ip,suv
,CCTV Kits consist of 4-8-16 Channel NVR with HDD and 4-8-16 IR Bullet,,,0,0,kit_ip,suv
,"or IR Dome cameras,CAT5 cable, RJ45 connectors & boots, 18.5"" monitor.",,,0,0,kit_ip,suv
SP164,HIKVISION 4 Channel NVR Installer Kit,20187,13929,16018.35,23215.05,kit_ip,suv
SP165,HIKVISION 8 Channel NVR Installer Kit,33598,23182,26659.3,38637.7,kit_ip,suv
SP166,HIKVISION 16 Channel NVR Installer Kit,60215,41548,47780.2,69247.25,kit_ip,suv
,,,,0,0,,suv
CCTV Kits consist of 4-8-16 Channel NVR with HDD and 4-8-16 IR Bullet,,,,0,0,,suv
"or IR Dome cameras,CAT5 cable, RJ45 connectors & boots, 23"" HDMI monitor,",,,,0,0,,suv
HDMI cable and CCTV warning signs.,,,,0,0,,suv
,,,,0,0,,suv
Prices are subject to change without prior notice.,,,,0,0,,suv
E&OE. Valid until 31st March 2023.,Page: 10,,,0,0,,suv
www.REGALSECURITY.co.za,05-03-2023,,,0,0,,suv
,,,,0,0,,suv
Trade Price List,,,,0,0,,suv
INTERCOMS & ACCESS,,,,0,0,,suv
Our Code,Item Description,Retail Excl VAT,Trade Excl VAT,#VALUE!,#VALUE!,,suv
HIKVISION - Intercoms,,,,0,0,,suv
LK450-4,HIK 4Ch 1.3MP MetalVilla Outdoor Station,2770,1895,2179.25,3185.5,int,suv
LK450-7,"HIK 7""Touch Screen Indoor Station",1871,1278,1469.7,2151.65,int,suv
LK451,Video Intercom Module,2786,1901,2186.15,3203.9,int,suv
LK451-1,HIKVISION 1 Module Gate Station Frame SM,1079,736,846.4,1240.85,int,suv
LK451-2,HIKVISION 2 Module Gate Station FSM,1960,1337,1537.55,2254,int,suv
LK451-3,HIKVISION  Module Gate Station FSM,3269,2233,2567.95,3759.35,int,suv
LK451-5,HIKVISION Video Intercom Module - SS,2922,2002.9,2303.335,3360.3,int,suv
LK451-7,"7"" Touch Screen Indoor Station -2nd Gen",3112,2124,2442.6,3578.8,int,suv
LK451-8,HIKVISION Video Intercom Master Station,17011,11644,13390.6,19562.65,int,suv
LK451-9,"HIK 7"" Touch Screen - Convergence Indoor",6031,4120,4738,6935.65,int,suv
LK452,HIKVISION Video Intercom Nametag Module,918,626,719.9,1055.7,int,suv
LK453,HIKVISION Video Intercom Keypad,1976,1348,1550.2,2272.4,int,suv
LK453-1,HIKVISION Video Intercom Display Module,1774,1210,1391.5,2040.1,int,suv
LK453-2,HIK Video Intercom MiFare Card Reader,1226,836,961.4,1409.9,int,suv
LK454,HIKVISION Video Intercom Blank Module,457,312,358.8,525.55,int,suv
LK455,HIK Secure Indoor Access Control Module,1149,785,902.75,1321.35,int,suv
LK461,HIK Fingerprint Access Control Terminal,2263,1525,1753.75,2602.45,int,suv
LK461-1,HIK Video Access Control Terminal- 501SF,4907,3348,3850.2,5643.05,int,suv
LK462,HIK Fingerprint Card Reader - 1201MF,1423,1005,1155.75,1636.45,int,suv
LK462-1,HIK Standalone Fingerprint Access Contro,3829,2632,3026.8,4403.35,int,suv
LK463,HIK Fingerprint & Facial Enrollment Stn,7199,4913,5649.95,8278.85,int,suv
LK463-1,HIKVISION Fingerprint Enrollment Reader,1574,1074,1235.1,1810.1,int,suv
LK499,HIK 1-1 Video Intercom Kit 16GSD 4P Sw,6907,4713,5419.95,7943.05,int,suv
HIKVISION - Access,,,,0,0,,suv
LK458-1,HIK Protective Shield - Advanced,469,320,368,539.35,acc,suv
LK458-2,HIKVISION 2 Module Rainshield,767,523,601.45,882.05,acc,suv
LK458-3,HIKVISION 3 Module Rainshield,922,629,723.35,1060.3,acc,suv
LK459-1,HIKVISION 8 Channel Intercom Dist Switch,893,616,708.4,1026.95,acc,suv
LK460-7-1,HIK 671 Face Recognition Terminal - IP65,11971,8170,9395.5,13766.65,acc,suv
LK460-7-2,Hik  673 Pro Face Access Terminal- IP,11424,7797,8966.55,13137.6,acc,suv
LK460-8,HIKVISION - Protective Rain shield for F,436,297,341.55,501.4,acc,suv
LK460-9,HIK Mini Face Recognition Terminal  341B,4082,2786,3203.9,4694.3,acc,suv
LK460-10,HIK Mini Face Recognition Terminal -341A,5987,4086,4698.9,6885.05,acc,suv
LK491,Hikvision Single Door Access Controller,4789,3268,3758.2,5507.35,acc,suv
LK491-1,Hikvision Two Door Access Controller,5268,3595,4134.25,6058.2,acc,suv
LK491-4,Hikvision Four Door Access Controller,6578,4488,5161.2,7564.7,acc,suv
CDC100-AC,HikCentral Access Control 1 Door License,925,631,725.65,1063.75,acc,suv
CDC100-AC-BASE,HikCentral Access Control Base License,874,596,685.4,1005.1,acc,suv
CDC100-AC-BASE-16,HikCentral Access Control Base License (,4562,3126,3594.9,5246.3,acc,suv
HIKVISION - Other,,,,0,0,acc,suv
SD100,Hikvision IP Horn Speaker,9253,6342,7293.3,10640.95,acc,suv
CDC100-IPS-1CH,Hikcentral IP speaker license for 1 Devi,921,628,722.2,1059.15,acc,suv
CDC100-IPSM,Hikcentral IP Speaker Module - incl 2 IP,1487,1026,1179.9,1710.05,acc,suv
,,,,0,0,,suv
Prices are subject to change without prior notice.,,,,0,0,,suv
E&OE. Valid until 31st March 2023.,Page: 11,,,0,0,,suv
www.REGALSECURITY.co.za,05-03-2023,,,0,0,,suv
,,,,0,0,,suv
Trade Price List,,,,0,0,,suv
INTRUSION - AX-PRO,,,,0,0,,suv
,,,,0,0,,suv
Our Code,Item Description,Retail Excl VAT,Trade Excl VAT,#VALUE!,#VALUE!,,suv
HIKVISION - Intrusion,,,,0,0,,suv
BD400,HIKVISION AX-PRO Wireless PIR Detector,1045,713,819.95,1201.75,intr,suv
BD400-1,HIKVISION AX-PRO Wireless Dual Tech PIR,1756,1198,1377.7,2019.4,intr,suv
BD400-2,HIKVISION AX-PRO Wireless PIR-CAM Detect,2419,1651,1898.65,2781.85,intr,suv
BD400-3,HIK AX-PRO Wireless Curtain Detector,1139,777,893.55,1309.85,intr,suv
BD400-4,HIK AX-PRO Wireless Outdoor Dual Tech DT,3345,2283,2625.45,3846.75,intr,suv
BD400-5,HIKVISION AX-PRO RF Camera Module,1718,1172,1347.8,1975.7,intr,suv
BD400-8,HIK AX-PRO Internal Ceiling Mount PIR Br,30.8,21.1,24.265,35.42,intr,suv
BD400-9,HIK AX-PRO Internal Wall Mount PIR Brckt,30,20.2,23.23,34.5,intr,suv
BD405,HIKVISION AX-PRO Wireless Water Leak DT,953,650,747.5,1095.95,intr,suv
BD405-1,HIK AX-PRO Wireless Temperature Detector,1013,691,794.65,1164.95,intr,suv
CP400,AX-PRO Wireless Kit - 868MHz - 64 Zones,4775,3259,3747.85,5491.25,intr,suv
CP400-1,AX-PRO Wireless Kit - 868MHz - 96 Zones,6551,4471,5141.65,7533.65,intr,suv
CP400-1-P,HIK AX-PRO Panel Only - 868Mhz - 96 Zone,4667,3185,3662.75,5367.05,intr,suv
CP400-P,HIK AX-PRO Panel Only - 868Mhz - 64 Zone,2824,1927,2216.05,3247.6,intr,suv
CP402,HIKVISION AX-PRO Wireless Internal Sound,1004,685,787.75,1154.6,intr,suv
CP402-1,HIK AX-PRO Wireless Outdoor Sounder (Red,1955,1334,1534.1,2248.25,intr,suv
CP402-2,HIK AX-PRO Wireless OD Sounder (Blue),1883,1285,1477.75,2165.45,intr,suv
CP403,HIKVISION AX-PRO Wireless LED Keypad,1369,934,1074.1,1574.35,intr,suv
CP404,HIKVISION AX-PRO Wireless Tag Reader,992,677,778.55,1140.8,intr,suv
CP405,HIKVISION AX-PRO Wireless Keyfob,522,356,409.4,600.3,intr,suv
CP405-1,HIKVISION AX-PRO Tag,49,33,37.95,56.35,intr,suv
CP406,HIKVISION AX-PRO Wireless Universal Tx,736,502,577.3,846.4,intr,suv
CP406-1,HIKVISION AX-PRO Wireless Multi I-O Tx,2627,1793,2061.95,3021.05,intr,suv
CP407,HIKVISION AX-PRO Wireless Repeater,1934,1320,1518,2224.1,intr,suv
CP409,HIKVISION AX-PRO Wireless Relay Module,677,462,531.3,778.55,intr,suv
CP409-1,HIKVISION AX-PRO Wireless Wall Switch,756,516,593.4,869.4,intr,suv
CP409-2,HIKVISION AX-PRO Wireless Smart Plug,793,541,622.15,911.95,intr,suv
CP410,HIKVISION AX-PRO Radio Connection Cable,118,80,92,135.7,intr,suv
FR400,HIKVISION AX-PRO Wireless Smoke Detector,1205,822,945.3,1385.75,intr,suv
MC400,HIK AX-PRO Wireless Door Contact,609,415,477.25,700.35,intr,suv
MC400-1,HIK AX-PRO Wireless Door Contact - Slim,494,337,387.55,568.1,intr,suv
PS400,HIKVISION AX-PRO 12V PSU Module,400,273,313.95,460,intr,suv
SW400,HIKVISION AX-PRO Wireless Panic Button,453,309,355.35,520.95,intr,suv
,,,,0,0,,suv
Prices are subject to change without prior notice.,,,,0,0,,suv
E&OE. Valid until 31st March 2023.,Page: 12,,,0,0,,suv
www.REGALSECURITY.co.za,05-03-2023,,,0,0,,suv
,,,,0,0,,suv
Trade Price List,,,,0,0,,suv
SURVEILLANCE,,,,0,0,,suv
Our Code,Item Description,,Retail Excl VAT,#VALUE!,0,,suv
CCTV SWITCHES & POE Injectors,,,,0,0,,suv
NW100-3,Switch 4-Port GB Mang Ind PoE +2GB SFP i,5,599,688.85,5.75,swt,suv
NW101,Genata 4P Gb PoE + 2P (TP&SFP),,946,1087.9,0,swt,suv
NW101-2,Switch 4-Port GB PoE Ext 1-Port GB TP 1-,,872,1002.8,0,swt,suv
NW101-3,8-Port GB 12VDC Input Switch,,999,1148.85,0,swt,suv
NW101-7,8-Port GB Mang Ind PoE +4GB SFP Switch i,7,271,311.65,8.05,swt,suv
NW101-9,Genata 8P Gb PoE + 4P (TP&SFP),2,422,485.3,2.3,swt,suv
NW101-10,Genata 8P Gb + 2P SFP Man. PoE,2,999,1148.85,2.3,swt,suv
NW110-4,8-Port 10-100 Ind PoE 1GB TP 1 SFP Uplin,4,543,624.45,4.6,swt,suv
NW111-4,Genata 16P PoE + 3Gb (TP-SFP),3,516,593.4,3.45,swt,suv
NW111-6,Genata 16P Gb PoE + 2Gb SFP,4,396,455.4,4.6,swt,suv
NW111-7,16-Port GB PoE 2GB TP 2GB SFP Uplink Swi,5,795,914.25,5.75,swt,suv
NW121-6,16-Port 10-100 PoE 2GB TP 1GB SFP Uplink,5,408.42,469.683,5.75,swt,suv
NW121-8,16-Port GB Mang PoE 4 SFP Uplink Switch,9,523,601.45,10.35,swt,suv
NW121-10,Genata 16P Gb + 2P SFP Man. PoE,6,285,327.75,6.9,swt,suv
NW113-2,24-Port 10-100 PoE 2GB TP 1GB SFP Combo,8,47,54.05,9.2,swt,suv
NW114-2,24-Port 10-100 Mang PoE 2GB TP 2GB SFP U,7,370,425.5,8.05,swt,suv
NW114-4,Switch 24-Port GB Mang PoE 4-Port GB RJ4,9,562,646.3,10.35,swt,suv
NW114-6,PLANET 24 Port Gigabit Managed PoE + 4 G,12,570,655.5,13.8,swt,suv
NW115-2,24-Port GB Mang PoE 4GB SFP Uplink Switc,12,920,1058,13.8,swt,suv
NW115-4,24-Ports GB Mang 4GB-10GB Uplink Switch,17,72.6,83.49,19.55,swt,suv
NW115-5,24-Port SFP Mang 8 Share GB TP 4GB-10GB,24,186.18,214.107,27.6,swt,suv
NW115-8,24-Port GB Mang PoE 4GB SFP Uplink Switc,11,939,1079.85,12.65,swt,suv
NW143,PoE Injector 30Watt 1000Mbps CAT5,,709,815.35,0,swt,suv
NW143-2,PoE Injector 60Watt 1000Mbps CAT5,1,173,198.95,1.15,swt,suv
NW144,UTEPO 10-100 PoE (max 30W) Repeater,1,521,599.15,1.15,swt,suv
NW145,UTEPO Ind. Gigabit PoE (90W) Repeater,3,362,416.3,3.45,swt,suv
CC71,Passive Injector & Splitter PoE 12-15VDC,,149,171.35,0,swt,suv
CC72,Passive Injector or Splitter GB PoE from,,155,178.25,0,swt,suv
NW100-6,Genata Outdoor 8P PoE Switch,2,608,699.2,2.3,swt,suv
NW100-7,2 Port Ethernet to Fibre Media Convertor,2,38,43.7,2.3,swt,suv
NW139,Cascade PoE Transmission,,335,385.25,0,swt,suv
NW139-2,Water-resistant Cascade PoE Transmitter,,365,419.75,0,swt,suv
NW139-5,PoE Separation Converter,,103,118.45,0,swt,suv
NW276-4,1-9-16 Channel IP Screen Decoder,1,289,332.35,1.15,swt,suv
HW22-9,Waterproof Connectors for the NW139-5 -,,27,31.05,0,swt,suv
,,,,0,0,,suv
Prices are subject to change without prior notice.,,,,0,0,,suv
E&OE. Valid until 31st March 2023.,Page: 13,,,0,0,,suv
www.REGALSECURITY.co.za,05-03-2023,,,0,0,,suv
,,,,0,0,,suv
Trade Price List,,,,0,0,,suv
SURVEILLANCE,,,,0,0,,suv
Our Code,Item Description,Retail Excl VAT,Trade Excl VAT,#VALUE!,#VALUE!,,suv
WISNetworks Wireless Network Devices,,,,0,0,,suv
NW202,WIS 5GHz Outdoor CPE,2035,1399,1608.85,2340.25,wireless,suv
NW204-1,WIS 2.4GHz Outdoor CPE,1098,745,856.75,1262.7,wireless,suv
NW205,WIS 5GHz Outdoor CPE,1347,919,1056.85,1549.05,wireless,suv
NW210,WIS 5GHz Outdoor Base Station,2771,1899,2183.85,3186.65,wireless,suv
NW220-1,WIS 5GHz Outdoor Dish-CPE,1463,998,1147.7,1682.45,wireless,suv
NW221,WIS 5GHz 120 Sector Antenna,3380,2366,2720.9,3887,wireless,suv
NW222,5GHz Dish 30dBi 2x2 MIMO N-type Connect,3566,2496,2870.4,4100.9,wireless,suv
NW224-1,AP WIS-ANO5812 OMNI Antenna + NW224,3382,2325,2673.75,3889.3,wireless,suv
NW230,WIS 5GHz Outdoor 120 Sector Base Station,2490,1699,1953.85,2863.5,wireless,suv
NW231,5GHz CPE 2x2 MIMO 867Mbps IP65 1x1000M,1997,1363,1567.45,2296.55,wireless,suv
NW240,WIS 5GHz Outdoor 120 Sector Base Station,6219,4351,5003.65,7151.85,wireless,suv
,,,,0,0,,suv
Prices are subject to change without prior notice.,,,,0,0,,suv
E&OE. Valid until 31st March 2023.,Page: 14,,,0,0,,suv
www.REGALSECURITY.co.za,05-03-2023,,,0,0,,suv
,,,,0,0,,suv
Trade Price List,,,,0,0,,suv
SURVEILLANCE,,,,0,0,,suv
Our Code,Item Description,Retail Excl VAT,Trade Excl VAT,#VALUE!,#VALUE!,,suv
Remote View PC's,,,,0,0,,suv
CD50-1,Access Control PC Lite,16225,11357,13060.55,18658.75,pc,suv
CD50-2,PC - Access Control,19125,13387,15395.05,21993.75,pc,suv
CD51-3,CCTV Remote view compact PC Win10,24278,16994,19543.1,27919.7,pc,suv
CD52-1,CCTV W-Station Entry Level max 32 Cam DS,21745,15221,17504.15,25006.75,pc,suv
CD52-2,CCTV W-Station Mid Level max 64 Cam DSS,30820,21574,24810.1,35443,pc,suv
CD52-4,CCTV W-Station High End max 128 CamDSS o,44908,31435,36150.25,51644.2,pc,suv
,Special build PC's and Embedded NVR's and DVR's available on request.,,,0,0,,suv
MONITORS - COLOUR,,,,0,0,,suv
CM14,Monitor LED 19.5'' 1366x768 HDMI VESA Mn,2749,1998,2297.7,3161.35,monitor,suv
CM18,"HIKVISION Monitor 18.5"",  VGA  and HDMI",2191,1495,1719.25,2519.65,monitor,suv
CM23-1,"Monitor LED 23.6"" 1920x1080 VGA HDMI",4285,2999,3448.85,4927.75,monitor,suv
CM23-2,"Monitor LED 23"" 1920x1080 VGA HDMI incl",3999,3199,3678.85,4598.85,monitor,suv
CM46,"Mecer Monitor LED 19.5"" TFT VGA HDMI  Sp",2560,1600,1840,2944,monitor,suv
CM44,"Mecer Monitor 23.8"" Dsub HDMI",4400,2750,3162.5,5060,monitor,suv
CM42,"Mecer Monitor LED 32"" FHD 2x HD",4329,2699,3103.85,4978.35,monitor,suv
CM43,"Mecer Monitor LED 43"" FHD 1080p",7410,4635,5330.25,8521.5,monitor,suv
,"32"" to 49"" Monitors available on request.",,,0,0,,suv
,SURVEILLANCE HARD DRIVES & NAS,,,0,0,,suv
CH22-6,Seagate Skyhawk Surveillance Hard Drive,1253,877,1008.55,1440.95,hdd,suv
CH22-8,Seagate Skyhawk Surveillance Hard Drive,1570,1099,1263.85,1805.5,hdd,suv
CH22-9,Seagate Skyhawk Surveillance Hard Drive,2170,1519,1746.85,2495.5,hdd,suv
CH22-10,Seagate Skyhawk Surveillance Hard Drive,2208,1545,1776.75,2539.2,hdd,suv
CH22-11,Seagate Skyhawk Surveillance HDD 6TB,4043,2830,3254.5,4649.45,hdd,suv
CH22-12,Seagate Skyhawk Surveillance Hard Drive,5255,3678,4229.7,6043.25,hdd,suv
CH22-13,Seagate Skyhawk Surveillance Hard Drive,7640,5348,6150.2,8786,hdd,suv
CH22-10N,Seagate Ironwolf NAS Hard Drive 4TB SATA,3162,2213,2544.95,3636.3,hdd,suv
CH22-11N,Seagate Ironwolf NAS Hard Drive 6TB SATA,4968,3477,3998.55,5713.2,hdd,suv
CH22-12N,Seagate Ironwolf NAS Hard Drive 8TB SATA,6503,4552,5234.8,7478.45,hdd,suv
CH22-13N,Seagate Ironwolf NAS Hard Drive 10TB SAT,8392,5874,6755.1,9650.8,hdd,suv
CH22-14N,Seagate Ironwolf NAS Hard Drive 12TB,11178,7824,8997.6,12854.7,hdd,suv
CH23-10,Seagate EXOS Enterprise Hard Drive 10TB,7692,5384,6191.6,8845.8,hdd,suv
CH02-1,"QNAP NAS 4-Bay Empty, 3xUSB 2xLAN",9530.6,6671.42,7672.133,10960.19,hdd,suv
CCTV Storage,,,,0,0,,suv
CH54,Micro SD Card 16GB Class 10,162,110.8,127.42,186.3,storage,suv
CH54-1,Micro SD Card 32GB Class 10,99,89,102.35,113.85,storage,suv
CH54-2,Micro SD Card 64GB Class 10,226,158,181.7,259.9,storage,suv
CH54-3,Micro SD Card 128GB Class 10,345,241,277.15,396.75,storage,suv
CH54-4,Micro SD Card 256GB Class 10,1165,873.75,1004.8125,1339.75,storage,suv
,Remote View PC's Accessories,,,0,0,pc,suv
CH18,Mouse - Black,121,84.7,97.405,139.15,pc,suv
CH18-1,Wireless Mouse,459,321,369.15,527.85,pc,suv
CH19-3,Gigabyte Keyboard and Mouse Combo,419,293,336.95,481.85,pc,suv
CH19-4,Wireless Keyboard and Mouse Combo,713,499,573.85,819.95,pc,suv
,,,,0,0,,suv
Prices are subject to change without prior notice.,,,,0,0,,suv
E&OE. Valid until 31st March 2023.,Page: 15,,,0,0,,suv
www.REGALSECURITY.co.za,05-03-2023,,,0,0,,suv
,,,,0,0,,suv
Trade Price List,,,,0,0,,suv
SURVEILLANCE,,,,0,0,,suv
Our Code,Item Description,Retail Excl VAT,Trade Excl VAT,#VALUE!,#VALUE!,,suv
,CABINETS FOR RACK MOUNT DVR & NVR UNITS,,,0,0,,suv
CA100,27U 600 + 800 Cabinet incl Fans & Power,10478,7334,8434.1,12049.7,cabinet,suv
CA100-1,"18U 800mm Internal, 950mm High Floor",11135,7794,8963.1,12805.25,cabinet,suv
CA101,41U 600 + 800 Cabinet incl Fans & Power,14658,10260,11799,16856.7,cabinet,suv
CA118,FINEN 18U Floor Standing Cabinet,7720,4825,5548.75,8878,cabinet,suv
CA122,FINEN 22U Floor Standing Cabinet,8240,5150,5922.5,9476,cabinet,suv
CA127,FINEN 27U Floor Standing Cabinet,8480,5300,6095,9752,cabinet,suv
CA142,FINEN 42U Floor Standing Cabinet,11468,7167.5,8242.625,13188.2,cabinet,suv
CA102,4U 300 + 200 Wall Box incl Fans & Power,2760,1725,1983.75,3174,cabinet,suv
CA102-B,4U 300 + 200mm Wall Box - Grey,2200,1375,1581.25,2530,cabinet,suv
CA102-1,4U 300 + 200 Wall Box incl Fans Black,2760,1725,1983.75,3174,cabinet,suv
CA102-1B,4U 300 + 200mm Wall Box - Black,2200,1375,1581.25,2530,cabinet,suv
CA102-2,4U 500mm Wall Box incl Fans and Power,2760,1725,1983.75,3174,cabinet,suv
CA102-3,4U 400mm Solid Wall Box Black,1450,906.25,1042.1875,1667.5,cabinet,suv
CA111B,6U 400 + 200mm Wall Box - Black,2662,1663.75,1913.3125,3061.3,cabinet,suv
CA111,6U Swingframe Incl Fan and 5-Way Power,3130,1956.25,2249.6875,3599.5,cabinet,suv
CA103B,9U Swingframe Wallbox - 600mm Deep,3196,1997.5,2297.125,3675.4,cabinet,suv
CA103,9U Swingframe Incl Fan and 5-Way Power,3730,2331.25,2680.9375,4289.5,cabinet,suv
CA104B,12U Swingframe Wallbox - 600mm Deep,3460,2162.5,2486.875,3979,cabinet,suv
CA104,12U Swingframe Incl Fan and 5-Way Power,3980,2487.5,2860.625,4577,cabinet,suv
CA102-4,IP55 4U Wall Mount Outdoor,4706,2941.25,3382.4375,5411.9,cabinet,suv
CA102-5,IP55 4U Swing Frame Wall Mount Outdoor,6338,3961.25,4555.4375,7288.7,cabinet,suv
CA111-2,IP55 6U Wall Mount 19' Outdoor Gray,5226,3266.25,3756.1875,6009.9,cabinet,suv
CA111-3,IP55 6U Swing Frame Wall Mount Outdoor,7328,4580,5267,8427.2,cabinet,suv
,,,,0,0,cabinet,suv
CA103-1,IP55 9U Wall Mount Outdoor,6154,3846.25,4423.1875,7077.1,cabinet,suv
CA103-2,IP55 9U Swing Frame Wall Mount Outdoor,7736,4835,5560.25,8896.4,cabinet,suv
CA104-2,IP55 12U Wall Mount Outdoor Gray,7356,4597.5,5287.125,8459.4,cabinet,suv
CA104-3,IP55 12U Swing Frame Wall Mount Outdoor,8930,5581.25,6418.4375,10269.5,cabinet,suv
CA105,1U Blanking Panel,66.44,41.52,47.748,76.406,cabinet,suv
CA106,2U Blanking Panel,97.5,60.93,70.0695,112.125,cabinet,suv
CA108,1 U Brush Panel,120,75,86.25,138,cabinet,suv
CA109,450mm Front mount Tray,350,218.75,251.5625,402.5,cabinet,suv
CA109-1,Cantilever Shelf 19 Inch 2U 330mm Deep,284,177.5,204.125,326.6,cabinet,suv
CA113,IP55 2 Way fan unit for Wall Mount,1840,1150,1322.5,2116,cabinet,suv
CA113-1,Single fan units for Wall Mount Cabinets,300,187.5,215.625,345,cabinet,suv
CA114,5 Way Multiplug with 3m lead - Plastic,268,167.5,192.625,308.2,cabinet,suv
CA114-1,"PDU 19"" 1U 10 Way 10A IEC Outlet",1038,648.75,746.0625,1193.7,cabinet,suv
CA114-2,"PDU 19"" 1.5U 10 Way 16A SA Outlet",1238,773.75,889.8125,1423.7,cabinet,suv
CA114-3,"PDU 19"" 1U 6 Way 10A IEC Outlet",838,523.75,602.3125,963.7,cabinet,suv
CA114-4,"PDU 19"" 1.5U 6 Way 16A SA Outlet",930,581.25,668.4375,1069.5,cabinet,suv
,Other cabinet sizes and accessories available,,,0,0,,suv
,,,,0,0,,suv
Prices are subject to change without prior notice.,,,,0,0,,suv
E&OE. Valid until 31st March 2023.,Page: 16,,,0,0,,suv
www.REGALSECURITY.co.za,05-03-2023,,,0,0,,suv
,,,,0,0,,suv
Trade Price List,,,,0,0,,suv
SURVEILLANCE,,,,0,0,,suv
Our Code,Item Description,Retail Excl VAT,Trade Excl VAT,#VALUE!,#VALUE!,,suv
,"CCTV BALUNS, EXTENDERS & CONVERTERS",,,0,0,,suv
CC48,Balun 4Ch Passive Hub UTP HD-TVI-CVI-AHD,502,345,396.75,577.3,access,suv
CC50-1,Balun 1 Ch UTP Passive Video Transceiver,74,39,44.85,85.1,access,suv
CC67,VGA Video Splitter 1-4-Way,1168,798,917.7,1343.2,access,suv
CC70,4-in-1 16-Ch Analogue Video Power Trans,5772,3968,4563.2,6637.8,access,suv
CC71,Passive Injector & Splitter PoE 12-15VDC,149,79.9,91.885,171.35,access,suv
NW270-5,HDMI Extender Kit Over CAT5E-6 Full HD,1069,746,857.9,1229.35,access,suv
NW270-6,HDMI Extender Kit Rx & Tx 200m,3243,2269,2609.35,3729.45,access,suv
NW270-7,HDMI Extender Additional Rx for NW270-6,1619,1131,1300.65,1861.85,access,suv
NW273-1,HDMI Splitter 1 - 4 HDMI 2.0 1080P,1230,839,964.85,1414.5,access,suv
NW274-1,HDMI Splitter 1 in 2 Out Metal 1.4 4K,299,206,236.9,343.85,access,suv
NW275,HDMI 2 Port Bi-direction 1 x 2 Splitter,273,199,228.85,313.95,access,suv
NW276-2,HDMI to AV Mini Converter 1080p,640,438,503.7,736,access,suv
NW278,HDMI 5 in 1 out switcher,446,318,365.7,512.9,access,suv
NW278-1,HDMI 2.0 -  3 Input 1 Output Switch,450,322,370.3,517.5,access,suv
NW143,PoE Injector 30Watt 1000Mbps CAT5,709,483,555.45,815.35,access,suv
NW143-2,PoE Injector 60Watt 1000Mbps CAT5,1173,799,918.85,1348.95,access,suv
NW144,UTEPO 10-100 PoE (max 30W) Repeater,1521,1049,1206.35,1749.15,access,suv
CC71,Passive Injector & Splitter PoE 12-15VDC,149,79.9,91.885,171.35,access,suv
CC72,Passive Injector or Splitter GB PoE from,155,108,124.2,178.25,access,suv
NW160,Genata Gb Ethernet to Fibre Converter,984,669,769.35,1131.6,access,suv
NW169,SFP - Fibre Transmitter 1000Base-SX 2Km,789,552,634.8,907.35,access,suv
NW169-3,PLANET SFP-Transceiver - 550m (MM),668,499,573.85,768.2,access,suv
NW169-1,"PLANET Fibre Converter (SC, MM) -550m",1999,1399,1608.85,2298.85,access,suv
NW169-10,PLANET SFP-Transceiver - 20km (SM),753,527,606.05,865.95,access,suv
NW169-15,PLANET 15 Slot Fibre Optic Chassis,8563,5994,6893.1,9847.45,access,suv
NW169-2,"PLANET Fibre Converter (SC, SM) -10km",2068,1447,1664.05,2378.2,access,suv
NW169-7,Gigabit Ethernet-Fiber Converter,1000,690,793.5,1150,access,suv
,FIBRE OPTIC FLY LEADS,,,0,0,access,suv
CB65-40,LC-LC Multi Mode Fibre Fly Lead 1m,129,90,103.5,148.35,access,suv
CB65-41,LC-SC Multi Mode Fibre Fly Lead 2m,109,76,87.4,125.35,access,suv
CB65-42,SC-SC Multi Mode Fibre Fly Lead 1m,103,72,82.8,118.45,access,suv
CB65-43,ST-SC Multi Mode Fibre Fly Lead 2m,120,84,96.6,138,access,suv
CB65-44,ST-ST Multi Mode Fibre Fly Lead 1m,132,92,105.8,151.8,access,suv
On,,,,0,0,access,suv
CB65-45,ST-LC Multi Mode Fibre Fly Lead 2m,142,99,113.85,163.3,access,suv
,,,,0,0,access,suv
CB65-50,LC-LC Single Mode Fibre Fly Lead 2m,123,86,98.9,141.45,access,suv
CB65-51,LC-SC Single Mode Fibre Fly Lead 2m,125,87,100.05,143.75,access,suv
CB65-52,LC-ST Single Mode Fibre Fly Lead 2m,149,104,119.6,171.35,access,suv
CB65-53,SC-SC Single Mode Fibre Fly Lead 1m,193,135,155.25,221.95,access,suv
CB65-54,ST-ST Single Mode Fibre Fly Lead 2m,210,147,169.05,241.5,access,suv
CB65-55,SC-ST Single Mode Fibre Fly Lead 2m,210,147,169.05,241.5,access,suv
FIBRE OPTIC COUPLERS,,,,0,0,access,suv
CN49,Fibre Optic Mid Coupler ST Simplex SM,20.9,14.6,16.79,24.035,access,suv
CN49-1,Fibre Optic Mid Coupler ST Simplex MM,20,14,16.1,23,access,suv
CN49-2,Fibre Optic Mid Coupler SC Duplex SM,23.9,16.7,19.205,27.485,access,suv
CN49-3,Fibre Optic Mid Coupler SC Duplex MM,12.4,8,9.2,14.26,access,suv
CN49-4,Fibre Optic Mid Coupler LC Duplex SM,35.8,25,28.75,41.17,access,suv
CN49-5,Fibre Optic Mid Coupler LC Duplex MM,25.8,18,20.7,29.67,access,suv
,,,,0,0,,suv
Prices are subject to change without prior notice.,,,,0,0,,suv
E&OE. Valid until 31st March 2023.,Page: 17,,,0,0,,suv
www.REGALSECURITY.co.za,05-03-2023,,,0,0,,suv
,,,,0,0,,suv
Trade Price List,,,,0,0,,suv
SURVEILLANCE,,,,0,0,,suv
Our Code,Item Description,Retail Excl VAT,Trade Excl VAT,#VALUE!,#VALUE!,,suv
CCTV CABLES,,,,0,0,,suv
CB10,RG59 - Black Mil 75 Ohm - 100m,639,447,514.05,734.85,cable,suv
CB11,RG59 - Black Mil 75 Ohm - 500m,3478,2434,2799.1,3999.7,cable,suv
CB10-1,RG59 + Power - White - 100m,782,547,629.05,899.3,cable,suv
CB10-9,RG59 + Power - Black - 100m,733,513,589.95,842.95,cable,suv
CB10-10,RG59 + Power - Black - 300m,2198,1538,1768.7,2527.7,cable,suv
CB10-7,RG59 + Power - Black Mil - 100m,1096,767,882.05,1260.4,cable,suv
CB10-8,RG59 + Power - Black Mil - 500m,5468,3827,4401.05,6288.2,cable,suv
CB10-12,RG59 + Power - Black - 500m,3662,2563,2947.45,4211.3,cable,suv
CB65,Cable - CAT5 CCA 10Mbps - 100m,356,249,286.35,409.4,cable,suv
CB69,Cable - CAT5E UTP BC 100m,806,564,648.6,926.9,cable,suv
CB69-2,Cable - CAT5E UTP BC 500m,4296,3007,3458.05,4940.4,cable,suv
CB66-2,UTP 4Pairs Cable Category 5E PVC 305m,2408,1685,1937.75,2769.2,cable,suv
CB69-4,Cable - CAT5E Outdoor UTP BC 500m Black,5629,3940,4531,6473.35,cable,suv
CB69-7,Cable - CAT5E S-UTP Indoor Grey - 500m,6096,4267,4907.05,7010.4,cable,suv
CB69-9,Cable - CAT5E S-UTP Outdoor UVBlack 100m,1382,967,1112.05,1589.3,cable,suv
CB69-8,Cable - CAT5E S-UTP Outdoor UVBlack 500m,6429,4500,5175,7393.35,cable,suv
CB69-11,Cable - CAT5E Green UTP BC 500m,4353,3047,3504.05,5005.95,cable,suv
CB70,Cable - CAT6E UTP BC 100m,1042,729,838.35,1198.3,cable,suv
CB66-3,UTP 4Pairs Cable Cat 6 PVC Sheath 305m,3385,2389,2747.35,3892.75,cable,suv
CB70-1,Cable - CAT6E U-UTP BC 300m Grey,3303,2312,2658.8,3798.45,cable,suv
CB70-2,Cable - CAT6E U-UTP BC 500m Grey,5506,3854,4432.1,6331.9,cable,suv
CB70-4,Cable - CAT6E Outdoor UTP BC 500m Black,8568,5997,6896.55,9853.2,cable,suv
CB70-5,Cable - CAT6E U-UTP BC 500m Yellow,5553,3887,4470.05,6385.95,cable,suv
CB70-6,Cable - CAT6E U-UTP BC 500m Orange Solid,5553,3887,4470.05,6385.95,cable,suv
CB70-7,Cable - CAT6E S-UTP Indoor Grey 500m,8565,5995,6894.25,9849.75,cable,suv
CB70-8,Cable - CAT6 S-UTP Outdoor UV Black 500m,8572,6000,6900,9857.8,cable,suv
CB70-9,Cable - CAT6E S-UTP Outdoor UV Black 100,1839,1287,1480.05,2114.85,cable,suv
CB65-2,Cable - CAT5 Fly Lead Grey - 3m,47.8,35.8,41.17,54.97,cable,suv
CB65-22,Cable - CAT5 Patch Cord Grey 0.5m,19.6,12.7,14.605,22.54,cable,suv
CB65-32,Cable - CAT6 Patch Cord Grey 0.5m,37,25.4,29.21,42.55,cable,suv
CB65-13,CAT6 Fly Lead Grey 3m,50,36,41.4,57.5,cable,suv
CB65-15,CAT6 Fly Lead Grey 5m,66,47.5,54.625,75.9,cable,suv
,Other CAT5E and CAT6 Cable Colours Available on Request,,,0,0,cable,suv
HDMI CABLES,,,,0,0,cable,suv
CB92-1-4K,HDMI 2.0 Cable 4K Male to Male 0.5m 30AW,60,52,59.8,69,cable,suv
CB92-2-4K,HDMI 2.0 Cable 4K Male to Male 2,80,54,62.1,92,cable,suv
CB92-5-4K,HDMI 2.0 Cable 4K male to Male 5m,204,139,159.85,234.6,cable,suv
CB92-10-4K,HDMI 2.0 Cable 4K Male to Male 10m,439,299,343.85,504.85,cable,suv
CB92-20-4K,HDMI 2.0 Cable 4K Male to Male 20m 24AWG,1171,799,918.85,1346.65,cable,suv
CB93,HDMI Act Optical Cable 4K-60Hz UHD Displ,7233,5062.9,5822.335,8317.95,cable,suv
CONNECTORS,,,,0,0,cable,suv
CN01,BNC - Crimp Plug 6mm Male,11,7.6,8.74,12.65,cable,suv
CN01-2,BNC - Plug Screw Fixing,16.7,10.8,12.42,19.205,cable,suv
CN01-3,BNC - Female Crimp 6m,21.5,15,17.25,24.725,cable,suv
CN02,BNC - T Piece,14.2,9.2,10.58,16.33,cable,suv
CN03,BNC in-line adaptor - Female to Female,10.8,7,8.05,12.42,cable,suv
CN03-1,BNC Female - RCA Male Adaptor,13,8.8,10.12,14.95,cable,suv
CN03-2,BNC  - Male - RCA Male Adaptor,19.9,13.95,16.0425,22.885,cable,suv
CN04,BNC - Black boots,4.46,2.9,3.335,5.129,cable,suv
,,,,0,0,cable,suv
Prices are subject to change without prior notice.,,,,0,0,,suv
E&OE. Valid until 31st March 2023.,Page: 18,,,0,0,,suv
www.REGALSECURITY.co.za,05-03-2023,,,0,0,,suv
,,,,0,0,,suv
Trade Price List,,,,0,0,,suv
SURVEILLANCE,,,,0,0,,suv
Our Code,Item Description,Retail Excl VAT,Trade Excl VAT,#VALUE!,#VALUE!,,suv
CONNECTORS,,,,0,0,,suv
CN04-1,DC Plug incl Terminal Connector Block Ma,14.4,9.4,10.81,16.56,connect,suv
CN04-3,DC Plug Lead incl Connector,24.7,16.8,19.32,28.405,connect,suv
CN04-5,DC Socket incl Terminal Connector Block,13,8.3,9.545,14.95,connect,suv
HW22-1,Connector - RJ45 for CAT 5 Cable,3,1.69,1.9435,3.45,connect,suv
HW22-3,Connector Boot - RJ45 Grey,3,1.9,2.185,3.45,connect,suv
HW23-1,Connector Boot - RJ45 Green,1.85,1.2,1.38,2.1275,connect,suv
HW22-6,Connector - CAT6 Shielded RJ45 for STP,6.6,4.6,5.29,7.59,connect,suv
HW22-7,Connector - CAT5 Shielded RJ45 for STP,4.46,2.9,3.335,5.129,connect,suv
HW23-7,CAT7 RJ45 Shielded Connector + Insert 22,86,60,69,98.9,connect,suv
HW22-8,RJ45 PushThough Connector for CAT5 Cable,3.5,2.4,2.76,4.025,connect,suv
,,,,0,0,connect,suv
CN15,CAT5E Single Wall Box,42,29.4,33.81,48.3,connect,suv
CN15-1,CAT5E Double Wall Box,76,52.9,60.835,87.4,connect,suv
CN15-2,CAT6 Single Wall Box,52,36.4,41.86,59.8,connect,suv
CN15-3,CAT6 Double Wall Box,103,71.5,82.225,118.45,connect,suv
,,,,0,0,connect,suv
CN16-4,CAT5E UTP 24 Port Patch Panel,680.2,476.1,547.515,782.23,connect,suv
CN16-6,CAT6 UTP 24 Port Patch Panel,649,454,522.1,746.35,connect,suv
,,,,0,0,,suv
TOOLS & TEST METERS,,,,0,0,,suv
TL48,Crimping Tool - 6mm RG59,496,347.2,399.28,570.4,tool,suv
TL48-2,Crimping Tool - RJ11 - RJ12 - RJ45,413,288.8,332.12,474.95,tool,suv
TL49-1,Coaxial Cable Stripper - Round Handle,198.6,139,159.85,228.39,tool,suv
TL22,Tone And Probe Tester MTC40,2136,1495,1719.25,2456.4,tool,suv
TL22-1,Multimeter - LAN Tester for CAT 5 MTC50,2836,1985,2282.75,3261.4,tool,suv
,,,,0,0,,suv
CCTV POWER SUPPLIES,,,,0,0,,suv
PS40-1,PSU - 2.5 Amp 12 VDC Regulated,248,169.6,195.04,285.2,pow,suv
PS65-1,SP CCTV PS Switch Mode 12VDC 4Amp Regula,315,216,248.4,362.25,pow,suv
PS64-1,SP CCTV PS Dist Box 9-Way 5Amp,967,659,757.85,1112.05,pow,suv
PS64-2,SP CCTV PS Dist Box 9-Way 10Amp,999,778,894.7,1148.85,pow,suv
PS64-3,SP CCTV PS Dist Box 9-Way 8Amp Power Sto,1597,1089,1252.35,1836.55,pow,suv
PS68,SP CCTV PS Dist Box 10-Way 10Amp,903,619,711.85,1038.45,pow,suv
PS69,SP CCTV PS Dist Box 18-Way 20Amp,1316,899,1033.85,1513.4,pow,suv
PS70,SP PS 12VDC 10Amp Enclosed,586,399,458.85,673.9,pow,suv
CCTV ACCESSORIES,,,,0,0,,suv
CC27,RF Modulator AV to RF Converter,478,334,384.1,549.7,access,suv
CC27-3,CCTV VGA In to VGA BNC Out 5V PSU,1517,1035,1190.25,1744.55,access,suv
CC27-2,SP Cam Sound Mod Microphone,189,129,148.35,217.35,access,suv
CC27-4,Converter CCTV AV to VGA & HDMI,902,615,707.25,1037.3,access,suv
CC27-5,Video Distribution Amp 1 - 4,433,295,339.25,497.95,access,suv
CC30-1,SP Wall Mnt Bracket for LCD Monitors Pan,557,389,447.35,640.55,access,suv
CC31-2,SP Fixed Wall Mnt Bracket for LCD Monito,233,158,181.7,267.95,access,suv
CC32-1,SP Fixed Wall Mnt Bracket for LCD Monito,345,235,270.25,396.75,access,suv
CC757,Small Luminous CCTV Sign 220 x 220mm,128,89,102.35,147.2,access,suv
CC758,Large Luminous CCTV Sign 325 x 325mm,190,133,152.95,218.5,access,suv
CA21,SP Uni Cam Mnt Enclose 115x115x48mm,58,39,44.85,66.7,access,suv
CA21-1,SP L Uni Cam Mnt Enclose 161x161x48mm Wh,88,59,67.85,101.2,access,suv
CA21-5,SP Enclose Blk Uni Cam Mnt 115x115x48mm,58,39,44.85,66.7,access,suv
,,,,0,0,,suv
Prices are subject to change without prior notice.,,,,0,0,,suv
E&OE. Valid until 31st March 2023.,Page: 19,,,0,0,,suv
www.REGALSECURITY.co.za,05-03-2023,,,0,0,,suv
,,,,0,0,,suv
Trade Price List,,,,0,0,,suv
SURVEILLANCE,,,,0,0,,suv
Our Code,Item Description,Retail Excl VAT,Trade Excl VAT,#VALUE!,#VALUE!,,suv
UPS POWER BACKUP,,,,0,0,,suv
PS63,UPS - 1.2KVA 600 Watts 2 x 12V 7Ah Int,2279,1595,1834.25,2620.85,pow,suv
PS63-1,UPS - 700VA 360 Watts 1 x 12V 7Ah Intern,1140,798,917.7,1311,pow,suv
PS63-2,UPS - 2KVA 1200 Watts 2 x 12V 9Ah Intern,3279,2295,2639.25,3770.85,pow,suv
PS63-3,UPS - 3KVA 1800 Watts 4 x 12V 9Ah Intern,5713,3999,4598.85,6569.95,pow,suv
PS84-1,UPS Inverter 1000W with 100Ah Battery,12483,8738,10048.7,14355.45,pow,suv
,CCTV SURGE PROTECTION,,,0,0,,suv
CC25,CCTV Line Surge Protector CVBS & HD-TVI,412,283,325.45,473.8,protection,suv
CC53,CCTV Ground Loop Isolator HD,275,142,163.3,316.25,protection,suv
LT01-1,Single Ch Surge Protector 10-100Mbps,404,275,316.25,464.6,protection,suv
LT02-2,Single Ch Gb Network Surge Protector,468,319,366.85,538.2,protection,suv
LT02-12,12 Ch Network Gigabit Surge Protector,4943,3460,3979,5684.45,protection,suv
LT02-12P,12 Ch Network Gigabit Surge Protect PoE,6923,4846,5572.9,7961.45,protection,suv
LT02-24,24 Ch Network Gigabit Surge Protector,8150,5705,6560.75,9372.5,protection,suv
LT02-24P,24Ch Network Gigabit Surge Protector PoE,10078,7054,8112.1,11589.7,protection,suv
,LIGHTNING & SURGE PROTECTION,,,0,0,protection,suv
Our Code,Item Description,Retail Excl VAT,Trade Excl VAT,#VALUE!,#VALUE!,protection,suv
,"SURGE PROTECTION, MAINS, INTERCOM, MOTORS & DATA",,,0,0,protection,suv
LT03,CL Data Protect 10 Way Intercom 15VDC,516,361,415.15,593.4,protection,suv
LT04,CL 1 Zone Electric Fence Protection + AC,1848,1293,1486.95,2125.2,protection,suv
LT05,CL Mains Protect Series Surge Tube 10A,290,203,233.45,333.5,protection,suv
LT07,CL Multiplug 4 x 16A 3Pin & RJ11 Network,792,554,637.1,910.8,protection,suv
LT08,CL Multiplug 4 x16A and 4 x 2Pin,612,428,492.2,703.8,protection,suv
LT08-2,CL Multiplug 4x16A 3Pin & 4x2Pin + DSTV,990,693,796.95,1138.5,protection,suv
LT09,ZAP2 - 2 wire 220V Mains Protect,226.8,168,193.2,260.82,protection,suv
LT10,ZAP3 - 3 Wire Live Neutral Earth Protect,150.11,115,132.25,172.6265,protection,suv
LT11,CL Mains Protect 16A Std Plug LED,130,91,104.65,149.5,protection,suv
LT12,CL Mains Protect 16A Dedicated Plug LED,156,109,125.35,179.4,protection,suv
LT13,CL Inline HDMI Protector,676,473,543.95,777.4,protection,suv
LT14-1,BPT Lightning Protect LP-7,340.2,252,289.8,391.23,protection,suv
LT17,CL Mains Tele Protect Socket 16A Plug-in,500,350,402.5,575,protection,suv
LT18,Lightning Protection Module RAS,49,33,37.95,56.35,protection,suv
LT20,CL Mains Protect Socket 16A Plug-in,598,418,480.7,687.7,protection,suv
LT20-1,CL Mains Fridge Protect Socket 16A,795,556,639.4,914.25,protection,suv
LT21,CL DB Board Single Phase Surge Arrestor,1748,1223,1406.45,2010.2,protection,suv
LT21-1,CL DB Board Single Phase SS25 Surge Ast,308,215,247.25,354.2,protection,suv
LT21-2,CL DB Board Single Phase SS40P Surge Ast,438,306,351.9,503.7,protection,suv
