regalCode;description;Retail Excl VAT;Trade Excl VAT;trade;retail;subcategory;category
;CCTV KITS - HIK VISION  HD-TVI;;;;;;
SP150-5;HIK HD-TVI 4Ch Hi-Res DVR 4 Cam Base Kit;3612;2492;4153.8;2865.8;kit;suv
SP151-5;HIK HD-TVI 8Ch Hi-Res DVR 8 Cam Base Kit;6486;4475;7458.9;5146.25;kit;suv
SP152-5;HIK HD-TVI 16Ch HiResDVR 16 Cam Base Kit;11005;7593;12655.75;8731.95;kit;suv
;CCTV Kits Consist of: 4-8-16 CH DVR with HDD and 4-8-16 IR Dome or IR Bullet Cameras.;;;0;0;kit;suv
SP150-3;HIK HD-TVI 4 Channel DVR MAXI Kit;7320;5124;8418;5892.6;kit;suv
SP151-3;HIK HD-TVI 8 Ch DVR 8 Camera MAXI Kit;9695;6786;11149.25;7803.9;kit;suv
SP152-3;HIK HD-TVI 16 Ch DVR 16 Cam MAXI Kit;16492;11379;18965.8;13085.85;kit;suv
;"CCTV Kits Consist of: 4-8-16 CH DVR with HDD and 4-8-16 IR Dome or IR Bullet Cameras;";;;0;0;kit;suv
;"18.5""monitor; PSU; cable; BNC connectors; DC Leads; enclosures.";;;0;0;kit;suv
SP150;HIK HD-TVI 4 Ch Hi-Res DVR Installer Kit;10263;7081;11802.45;8143.15;kit;suv
SP151;HIK HD-TVI 8 Ch Hi-Res DVR Installer Kit;13205;9111;15185.75;10477.65;kit;suv
SP152;HIK HD-TVI 16Ch Hi-Res DVR Installer Kit;18538;12791;21318.7;14709.65;kit;suv
;;;;0;0;;suv
"CCTV Kits Consist of: 4-8-16 CH DVR with HDD and 4-8-16 IR Dome or IR Bullet Cameras;";;;;0;0;;suv
"23"" HDMI monitor; PSU; cable; BNC connectors; BNC Boots; DC Leads; enclosures;";;;;0;0;;suv
HDMI cable and warning signs.;;;;0;0;;suv
;;;;0;0;;suv
SECURI-PROD CCTV;;;;0;0;;suv
CC231;SP Cam 1080p in Smoke Detector Housing 4;795;542;914.25;623.3;cam;suv
CC136;SP Cam 1080p Mini Pinhole 4-in-1 3.7 Len;789;549;907.35;631.35;cam;suv
;"4 in 1 Range TVI; CVI; AHD and Analogue";;;0;0;;suv
;;;;0;0;;suv
Prices are subject to change without prior notice.;;;;0;0;;suv
E&OE. Valid until 31st March 2023.;Page: 4;;;0;0;;suv
www.REGALSECURITY.co.za;05-03-2023;;;0;0;;suv
;;;;0;0;;suv
Trade Price List;;;;0;0;;suv
SURVEILLANCE;;;;0;0;;suv
Our Code;Item Description;Retail Excl VAT;Trade Excl VAT;#VALUE!;#VALUE!;;suv
;DVRs - HIKVISION 4 Channel HD-TVI;;;0;0;;suv
CD01;DVR 4-ch 1080p Lite eSSD DVR 330GB Built;2166;1516;2490.9;1743.4;dvr;suv
CD07;DVR Mini 4 Ch HD-TVI-AHD-Analog 25fps 1U;1029;703;1183.35;808.45;dvr;suv
CD07-1;DVR Mini 4Ch HD-TVI-AHD-Analog 25fps 1TB;2337;1595;2687.55;1834.25;dvr;suv
CD21;Hik 4Ch Turbo 4.0 DVR HD-TVI 1080p;1534;1046;1764.1;1202.9;dvr;suv
CD21-1;Hik 4Ch Turbo 4.0 DVR HD-TVI 1TB HDD;2753;1880.3;3165.95;2162.345;dvr;suv
CD24;HIK 4 Ch AcuSense DVR - 2ch False Alarm;1842;1259;2118.3;1447.85;dvr;suv
CD24-1;HIK 4 Channel AcuSense DVR incl 1TB HDD;2993;2095;3441.95;2409.25;dvr;suv
;DVRs - HIKVISION 8 Channel HD-TVI;;;0;0;dvr;suv
CD02;DVR Hik 8-ch 1080p Lite eSSD DVR;2548;1777;2930.2;2043.55;dvr;suv
CD08;DVR Mini 8 Ch HD-TVI-AHD-Analog 25fps 1U;1377;941;1583.55;1082.15;dvr;suv
CD08-1;DVR Mini 8Ch HD-TVI-AHD-Analog 25fps 2TB;3077;2100;3538.55;2415;dvr;suv
CD19;HIK 8 Ch Turbo 3.0 DVR HD-TVI H264+ 4K;5231;3569;6015.65;4104.35;dvr;suv
CD19-1;HIKVISION 8-ch 5MP AcuSense DVR 1 SATA 5;6364;4378;7318.6;5034.7;dvr;suv
CD22;Hik 8Ch Turbo 4.0 DVR HD-TVI 1080p;2264;1547;2603.6;1779.05;dvr;suv
CD22-1;Hik 8Ch Turbo 4.0 DVR HD-TVI 2TB HDD;3918;2674;4505.7;3075.1;dvr;suv
CD25;HIK 8 Ch AcuSense DVR - 4ch False Alarm;3581;2447;4118.15;2814.05;dvr;suv
CD25-1;HIK 8 Ch AcuSense DVR - incl 2TB HDD;5190;3542;5968.5;4073.3;dvr;suv
;DVRs - HIKVISION 16-32 Channel HD-TVI;;;0;0;dvr;suv
CD09;DVR Mini 16Ch HD-TVI-AHD-Analog 25fps 1U;2358;1611;2711.7;1852.65;dvr;suv
CD09-1;DVR Mini 16Ch HD-TVI-AHD-Analog 25fps 3T;4541;3099;5222.15;3563.85;dvr;suv
CD20;HIK 16-ch 5MP AcuSense DVR 2 SATA;10523;7191;12101.45;8269.65;dvr;suv
CD20-1;HIK 16-ch 5MP AcuSense DVR 2 SATA;12873;8786;14803.95;10103.9;dvr;suv
CD23;HIK 16Ch Turbo 4.0 DVR HD-TVI 1080p;4030;2754;4634.5;3167.1;dvr;suv
CD23-1;HIK 16Ch Turbo 4.0 DVR HD-TVI 4TB HDD;6539;4463;7519.85;5132.45;dvr;suv
CD26;HIK 16 Ch AcuSense DVR - 4ch False Alarm;6251;4271;7188.65;4911.65;dvr;suv
CD26-1;HIK 16 Ch AcuSense DVR - incl 4TB HDD;8413;5768;9674.95;6633.2;dvr;suv
CD133;HIK 32Ch DVR Tribrid HD-TVI 720p 4 SATA;17556;11998;20189.4;13797.7;dvr;suv
CD133-1;HIK 32Ch DVR HD-TVI 720p 2U 4TB HDD;19475;13292;22396.25;15285.8;dvr;suv
CD134;HIK 32Ch AcuSense DVR HD-TVI Tribrid 108;10087;6893;11600.05;7926.95;dvr;suv
CD134-1;HIK 32 Ch AcuSense DVR incl 4TB HDD;12787;8727;14705.05;10036.05;dvr;suv
;;;;0;0;;suv
Prices are subject to change without prior notice.;;;;0;0;;suv
E&OE. Valid until 31st March 2023.;Page: 5;;;0;0;;suv
www.REGALSECURITY.co.za;05-03-2023;;;0;0;;suv
;;;;0;0;;suv
Trade Price List;;;;0;0;;suv
SURVEILLANCE;;;;0;0;;suv
Our Code;Item Description;Retail Excl VAT;Trade Excl VAT;#VALUE!;#VALUE!;;suv
;HIKVISION HD-TVI BULLET CAMERAS;;;0;0;;suv
CC376-2;HIK HD-TVI Bullet Camera 1080p - IR 25m;584;399;671.6;458.85;cam;suv
CC376-6;HIK HD-TVI Bullet Cam 1080p IR 20M 2.8mm;326;195;374.9;224.25;cam;suv
CC376-8;HD-TVI ColorVu PIR Bullet Camera 1080p;1721;1174;1979.15;1350.1;cam;suv
CC376-9;HD-TVI ColorVu Bullet Camera 1080p - 2.8;732;499;841.8;573.85;cam;suv
CC376-10;HD-TVI ColorVu Bullet Cam 1080p - 2.8mm;856;585;984.4;672.75;cam;suv
CC376-12;HIK HD-TVI ColorVu Fixed Bullet Cam1080p;992;682;1140.8;784.3;cam;suv
CC376-13;2MP Dual Light Audio Fixed Mini Bullet;717;489;824.55;562.35;cam;suv
CC377;HIK HD-TVI Bullet 1080p EXIR IR 40M 3.6m;752;512;864.8;588.8;cam;suv
CC377-1;HIK HD-TVI Bullet 1080p EXIR 50M 2.8mm;987;674;1135.05;775.1;cam;suv
CC379;HIK Bullet Cam HD-TVI 1080p IR40m VF;1170;799;1345.5;918.85;cam;suv
CC268;HD-TVI EXIR 5MP Bullet Cam IR 30m 2.8mm;1154;775;1327.1;891.25;cam;suv
CC268-1;HD-TVI EXIR 5MP Bullet Cam IR 80m MVF;2547;1740;2929.05;2001;cam;suv
;HIKVISION HD-TVI DOME CAMERAS;;;0;0;cam;suv
CC386-1;HIK HD-TVI Dome 4 in 1 1080P IR25m 2.8mm;584;399;671.6;458.85;cam;suv
CC386-2;HIK HD-TVI Dome 4in1 1080P IR 20M 3.6mm;520;355;598;408.25;cam;suv
CC386-6;HD-TVI Plastic Dome Cam 1080p IR 20m;303;195;348.45;224.25;cam;suv
CC386-8;HD-TVI ColorVu Dome Camera 1080p - 2.8mm;1645;1124;1891.75;1292.6;cam;suv
CC386-9;HD-TVI ColorVu Dome Camera 1080p - 2.8mm;776;530;892.4;609.5;cam;suv
CC386-13;2MP Dual Light Audio Fixed Turret 2.8mm;601;410;691.15;471.5;cam;suv
CC387;HIK HD-TVI Dome 720p EXIR IR 40M 3.6mm;663;453;762.45;520.95;cam;suv
CC387-1;HIK HD-TVI Dome 1080p EXIR 40M 3.6mm;874;595;1005.1;684.25;cam;suv
CC388-2;HIK HD-TVI Turret Cam 1080p IR40m VF;1301;889;1496.15;1022.35;cam;suv
CC269;HD-TVI EXIR 5MP Turret Cam IR 30m 2.8mm;1293;883;1486.95;1015.45;cam;suv
CC269-1;HD-TVI EXIR 5MP Dome Cam IR60m MVF;2307;1576;2653.05;1812.4;cam;suv
;PTZ CAMERAS & ACCESSORIES - HIKVISION;;;0;0;;suv
CC98-3;HIK HD-TVI PTZ Camera CMOS 1080p 25 x OZ;6895;4712;7929.25;5418.8;cam;suv
CC95-1;HIK Speed Dome Keyboard Network Control;5481.62;3741;6303.863;4302.15;cam;suv
CC468-2;HIK PTZ Brkt Pendant Mnt for CC99 CC99-1;536;366;616.4;420.9;cam;suv
CC468-3;HIK PTZ Bracket Corner Mount White;664;452;763.6;519.8;cam;suv
CC468-4;HIK PTZ Bracket Pole Mount White;664;453;763.6;520.95;cam;suv
CC468-5;HIK Compact PTZ Bracket Wall Mount White;458;312;526.7;358.8;cam;suv
CC468-10;HIK Speed Dome EI Coupling Ring White;108;74;124.2;85.1;cam;suv
CA21;SP Uni Cam Mnt Enclose 115x115x48mm;58;39;66.7;44.85;cam;suv
CA21-5;SP Enclose Blk Uni Cam Mnt 115x115x48mm;58;39;66.7;44.85;cam;suv
CA21-1;SP L Uni Cam Mnt Enclose 161x161x48mm Wh;88;59;101.2;67.85;cam;suv
;;;;0;0;;suv
Prices are subject to change without prior notice.;;;;0;0;;suv
E&OE. Valid until 31st March 2023.;Page: 6;;;0;0;;suv
www.REGALSECURITY.co.za;05-03-2023;;;0;0;;suv
;;;;0;0;;suv
Trade Price List;;;;0;0;;suv
SURVEILLANCE;;;;0;0;;suv
Our Code;Item Description;;Retail Excl VAT;0;#VALUE!;;suv
NVR's - Mini Embedded HIKVISION;;;;0;0;;suv
CD61-1;HIK 4Ch Mini NVR 25Mbps 1 SATA H;;3732;0;4291.8;nvr;suv
CD62-1;HIK 8Ch Mini NVR 50Mbps 1 SATA 1;;4934;0;5674.1;nvr;suv
CD64-1;HIK 4Ch Mini NVR 1SATA 1HDMI No PoE 1TBH;;2792;0;3210.8;nvr;suv
CD65-1;HIK 8Ch Mini NVR 1SATA 1HDMI No PoE 2TBH;;3332;0;3831.8;nvr;suv
NVR's - Embedded HIKVISION;;;;0;0;nvr;suv
CD70-4;HIK 8 Ch NVR 80Mbps 8 PoE - 2 SATA Bay;;5485;0;6307.75;nvr;suv
CD70-5;HIK 8 Ch NVR 80Mbps 8 PoE 2 SATA 2TB HD;;7278;0;8369.7;nvr;suv
CD70-6;HIK 8 Ch NVR 80Mbps 8 PoE 2 SATA 4TBHDD;;8306;0;9551.9;nvr;suv
CD71-4;HIK 8 Ch NVR 80Mbps;Alarm IO 2SATA NoPo;3316;#VALUE!;3813.4;nvr;suv
CD71-5;HIK 8 Ch NVR 80Mbps IO 2 SATA No PoE 3T;;5758;0;6621.7;nvr;suv
CD72-4;HIK 16 Ch NVR 160Mbps Alarm IO - No PoE;;3779;0;4345.85;nvr;suv
CD72-5;HIK 16 Ch NVR 160Mbps IO - No PoE  3TB;;6235;0;7170.25;nvr;suv
CD75;NVR HIKVISION 16 Channel Embedded no PoE;;7926;0;9114.9;nvr;suv
CD75-1;HIK 16Ch NVR 160Mbps No PoE 2SATA 3TBHDD;;9197;0;10576.55;nvr;suv
CD76-9;HIK 16Ch NVR 160Mbps 16PoE 2SATA AlarmIO;;7842;0;9018.3;nvr;suv
CD76-3;HIK 16 Ch NVR 160Mbps 16PoE Alarm IO 3TB;;10047;0;11554.05;nvr;suv
CD90;HIK 16ch AcuSense NVR with 4ch False Ala;;12221;0;14054.15;nvr;suv
CD92;16 Channel AcuSense NVR 256Mbps with 16;;13463;0;15482.45;nvr;suv
CD94;HIK 16 Ch DeepInMind NVR with No PoE;;51190;0;58868.5;nvr;suv
CD74;HIK 32 Channel Embedded NVR 9632;;28516;0;32793.4;nvr;suv
CD74-1;HIK 32 Channel Embedded NVR 9632 3TB HDD;;28964.3;0;33308.945;nvr;suv
CD91;HIK 32ch AcuSense NVR with 4ch False Ala;;13582;0;15619.3;nvr;suv
CD93;32 Channel AcuSense NVR 256Mbps with 16;;17871;0;20551.65;nvr;suv
CD95;HIK 32 Ch DeepInMind NVR with No PoE;;54394;0;62553.1;nvr;suv
CD77;HIKVISION Embedded NVR 64 Channel 160Mbp;;43691;0;50244.65;nvr;suv
CD77-1;HIKVISION NVR 64 Channel 160Mbp 4TBHDD;;45421;0;52234.15;nvr;suv
CDC999-HC;CCTV R250 Dell Video Management Server;;82668;0;95068.2;nvr;suv
CDC999-VSS;CCTV R250 VSS Video Management Server;;79469;0;91389.35;nvr;suv
;;;;0;0;;suv
Prices are subject to change without prior notice.;;;;0;0;;suv
E&OE. Valid until 31st March 2023.;Page: 7;;;0;0;;suv
www.REGALSECURITY.co.za;05-03-2023;;;0;0;;suv
;;;;0;0;;suv
Trade Price List;;;;0;0;;suv
SURVEILLANCE;;;;0;0;;suv
Our Code;Item Description;;Retail Excl VAT;0;#VALUE!;;suv
IP CAMERAS - HIKVISION Bullets;;;;0;0;;suv
CC400;HIK 2MP Mini Bullet Cam 2.8mm EasyIP 1.0;;1951;0;2243.65;cam_ip;suv
CC400-1;HIK 2MP Dome Cam 2.8mm Lens EasyIP 1.0;;2091;0;2404.65;cam_ip;suv
CC400-2;HIK 4MP Mini Bullet Cam IR30m EasyIP 1.0;;2198;0;2527.7;cam_ip;suv
CC401;HIK 2MP Bullet Cam IR60m 2.8-12mm EasyIP;;3830.24;0;4404.776;cam_ip;suv
CC401-1;HIK 2MP Dome Cam IR40m 2.8-12mm EasyIP;;4052.97;0;4660.9155;cam_ip;suv
CC409-AS;2MP AcuSense Bullet Cam - 2.8mm Fixed;;3278;0;3769.7;cam_ip;suv
CC409-2TAS;2MP AcuSense Bullet Cam - 6mm Fixed Lens;;3216.29;0;3698.7335;cam_ip;suv
CC409-4TAS;4MP AcuSense Bullet Cam - 4mm Fixed Lens;;3792;0;4360.8;cam_ip;suv
CC409-6;HIK IP Cam 2MP Bullet IR 20M - 4mm IP66;;2926.17;0;3365.0955;cam_ip;suv
CC409-16;HIK IP Cam 2MP Bullet IR 30M 2.8mm IP67;;2972;0;3417.8;cam_ip;suv
CC409-8;HIK IP Cam 2MP EXIR Bullet 50M 6mm IP66;;3369;0;3874.35;cam_ip;suv
CC409-10;HIK IP Cam 2MP EXIR Bullet 80M 6mm IP66;;3521;0;4049.15;cam_ip;suv
CC409-14;2MP ColorVu - Acusense Bullet 4mm Fixed;;3960;0;4554;cam_ip;suv
CC409-15;4MP ColorVu - AcuSense Bullet 4mm Fixed;;4355;0;5008.25;cam_ip;suv
CC409-16;HIK IP Cam 2MP Bullet IR 30M 2.8mm IP67;;2972;0;3417.8;cam_ip;suv
CC409-17;2MP ColorVu - AcuSense Mini Bullet 2.8mm;;3257.32;0;3745.918;cam_ip;suv
CC409-18;4MP ColorVu - AcuSense Mini Bullet 2.8mm;;3756.98;0;4320.527;cam_ip;suv
CC409-W;2MP AcuSense Bullet - IR 30m - 2.8mm;;3038.99;0;3494.8385;cam_ip;suv
CC410-2;HIK IP Cam 2MP Bullet;50m MVF 2.8-12mm;5544.62;#VALUE!;6376.313;cam_ip;suv
CC410-2B;HIK IP Cam 2MP Bullet IR 50M MVF 2.8-12m;;5209.07;0;5990.4305;cam_ip;suv
CC410-AS;2MP AcuSense Bullet Camera - MVF 2.8-12m;;5269.15;0;6059.5225;cam_ip;suv
CC410-4;HIK IP Cam 4MP Bullet IR 50m MVF 2.8-12m;;17378;0;19984.7;cam_ip;suv
CC406;HIK IP Cam 4MP Darkfighter Bullet IR30m;;3479;0;4000.85;cam_ip;suv
CC406-1;HIK IP Cam 4MP AcuSense Bullet IR60m;;3582;0;4119.3;cam_ip;suv
CC406-2;HIK IP Cam 4MP AcuSense Bullet IR80m;;3726.21;0;4285.1415;cam_ip;suv
CC406-3;HIK IP Cam 4MP Darkfighter Bullet IR50m;;7163;0;8237.45;cam_ip;suv
CC406-10;8MP Bullet Camera - IR 30m - 4mm Fixed L;;4052;0;4659.8;cam_ip;suv
CC406-11;8MP Bullet Camera - IR 50m - MVF 2.8-12m;;8492;0;9765.8;cam_ip;suv
CC406-12;8MP EXIR Bullet Camera - IR 80m - 6mm Fi;;5128;0;5897.2;cam_ip;suv
CC406-B;4MP AcuSense Bullet Cam - IR 40m - 2.8mm;;3247.06;0;3734.119;cam_ip;suv
CC409-W;2MP AcuSense Bullet - IR 30m - 2.8mm;;3038.99;0;3494.8385;cam_ip;suv
CC513;HIK 7L IP Cam 2MP Bullet DL ANPR MVF;;11147;0;12819.05;cam_ip;suv
CC513-2;HIK 7L IP Cam 2MP Bullet DL ANPR 8-32mm;;13257;0;15245.55;cam_ip;suv
CC513-6;2MP ANPR Bullet Cam - IR 50m - MVF;;13186;0;15163.9;cam_ip;suv
CC515;HIK 4MP Smart Bullet Cam IR 200m - MVF;;15732.72;0;18092.628;cam_ip;suv
IP CAMERAS - HIKVISION Domes;;;;0;0;cam_ip;suv
CC400-1;HIK 2MP Dome Cam 2.8mm Lens EasyIP 1.0;;2091;0;2404.65;cam_ip;suv
CC400-3;HIK 4MP Mini Dome Cam IR30m EasyIP 1.0;;2170;0;2495.5;cam_ip;suv
CC401-1;HIK 2MP Dome Cam IR40m 2.8-12mm EasyIP;;4052.97;0;4660.9155;cam_ip;suv
CC407-2;HIK IP Cam 2MP Mini Dome IR 10M 2.8mm;;3641;0;4187.15;cam_ip;suv
CC407-5;4MP Darkfighter Mini Dome Camera - IR 10;;4054;0;4662.1;cam_ip;suv
CC408-AS;2MP AcuSense Dome Cam - 4mm Fixed Lens;;3002.36;0;3452.714;cam_ip;suv
CC408-6;HIK IP Cam 2MP Dome IR 30M - 4mm - IP67;;3185;0;3662.75;cam_ip;suv
CC408-9;HIK IP Cam 2MP Dome IR 30m MVF 2.8-12mm;;6162;0;7086.3;cam_ip;suv
CC408-11;HIK IP Cam 2MP Dome IR 30M - 2.8mm IP67;;3170;0;3645.5;cam_ip;suv
CC408-14;4MP AcuSense Dome Cam IR 30m 2.8mm Lens;;3430;0;3944.5;cam_ip;suv
CC408-14B;4MP AcuSense Dome Cam - IR 30m - 2.8mm;;3080.02;0;3542.023;cam_ip;suv
CC408-15;4MP AcuSense Dome Cam IR 30m MVF 2.8-12m;;6492;0;7465.8;cam_ip;suv
CC408-16;4MP AcuSense Dome Camera - IR 30m - 4mm;;2927.63;0;3366.7745;cam_ip;suv
CC408-20;8MP Dome Camera - IR 30m - 2.8mm Fixed L;;4392.91;0;5051.8465;cam_ip;suv
CC408-21;8MP Dome Camera  - IR 30m - MVF 2.8-12mm;;7887.61;0;9070.7515;cam_ip;suv
CC408-23;Hik 2MP ColorVu Dome Cam 2.8mm IP67 IK10;;3593;0;4131.95;cam_ip;suv
CC435-4;2MP AcuSense Turret Cam - IR 30m- 2.8mm;;2603;0;2993.45;cam_ip;suv
WiFi CAMERAS - HIKVISION;;;;0;0;cam_ip;suv
CC599;Wi-Fi Bullet Camera C3TN 3MP 2.8mm Lens;;1396;0;1605.4;cam_ip;suv
CC599-1;Wi-Fi PT Camera C6N 2MP 4mm Lens;;964;0;1108.6;cam_ip;suv
CC599-2;Wi-Fi Flood Light Camera LC1C 2MP;;3611;0;4152.65;cam_ip;suv
CC599-3;Wi-Fi Bullet Camera C3W 4MP 2.8mm Lens;;2235;0;2570.25;cam_ip;suv
CC599-4;Wi-Fi Battery Powered Camera BC1C 2MP;;3028;0;3482.2;cam_ip;suv
CC599-5;Wi-Fi PT Camera Outdoor C8C 2MP 4mm Lens;;1973;0;2268.95;cam_ip;suv
CC599-6;Wi-Fi Door Light Camera LC3 4MP;;2807;0;3228.05;cam_ip;suv
CC599-7;Solar Panel;;813;0;934.95;cam_ip;suv
CC599-8;Wi-Fi PT Camera C8PF Dual-Lens 2MP;;2794;0;3213.1;cam_ip;suv
CC599-9;Wi-Fi Battery Powered Video Doorbell DB2;;3024;0;3477.6;cam_ip;suv
CC599-10;Wi-Fi Battery Powered Camera CB3 2MP;;2356;0;2709.4;cam_ip;suv
CC599-11;Wi-Fi PT Battery Powered Camera HB8;;3814;0;4386.1;cam_ip;suv
Prices are subject to change without prior notice.;;;;0;0;;suv
E&OE. Valid until 31st March 2023.;;;;0;0;;suv
;;;www.REGALSECURITY.co.za;0;#VALUE!;;suv
;;;;0;0;;suv
Trade Price List;;;;0;0;;suv
SURVEILLANCE;;;;0;0;;suv
Our Code;Item Description;Retail Excl VAT;Trade Excl VAT;#VALUE!;#VALUE!;;suv
;IP CAMERAS - Deep In View;;;0;0;;suv
CC444;HIK Dual Lens People Counting Cam 2.0mm;20439.2;13949;23505.08;16041.35;cam_ip;suv
CC500;Hikvision 2MP Facial Capture Dome Cam;12188.21;8318;14016.4415;9565.7;cam_ip;suv
CC500-1;Hikvision 2MP Facial Capture Dome Cam;12683.47;8656;14585.9905;9954.4;cam_ip;suv
CC501;Hikvision 2MP Facial Capture Bullet Cam;13209.51;9015;15190.9365;10367.25;cam_ip;suv
;;;;0;0;cam_ip;suv
CC501-1;Hikvision 2MP Facial Capture Bullet Cam;16343.74;11154;18795.301;12827.1;cam_ip;suv
CC504;4MP Facial Recognition Camera IR30m;11934.71;8145;13724.9165;9366.75;cam_ip;suv
CC504-1;HIK 4MP Facial Recognition Dome IR50m;13198;9017;15177.7;10369.55;cam_ip;suv
;IP CAMERAS - HIKVISION Other;;;0;0;cam_ip;suv
CC428-1;"HIK Cam IP 1-3"" 6MP CMOS WDR Fisheye";17385;11881;19992.75;13663.15;cam_ip;suv
CC428-2;HIK IP Cam 5MP Fisheye IR 8m - 1.05mm;4509;3081;5185.35;3543.15;cam_ip;suv
CC428-4;"HIK IP Cam 1-3""CMOS 2mm 12MP WDR Fisheye";19016;12992;21868.4;14940.8;cam_ip;suv
CC439-2;IP Camera LPinhole Covert 2 MP;7065;4828;8124.75;5552.2;cam_ip;suv
CC700;4MP Solar Power Bullet Camera - Incl 4G;7868.56;5370;9048.844;6175.5;cam_ip;suv
;THERMAL NETWORK CAMERAS;;;0;0;cam_ip;suv
CC348;HIK Thermal Bullet 7mm 384 x 288 - IP67;58304.99;39791;67050.7385;45759.65;cam_ip;suv
CC349;HIK Thermal Bullet 10mm 384 x 288 - IP67;53334.76;36399;61334.974;41858.85;cam_ip;suv
CC350;HIK Thermal Bullet Cam 384 x 288 15mm;54220;37055;62353;42613.25;cam_ip;suv
CC351;HIK Thermal Bullet Cam 384 x 288 25mm;60584;41404;69671.6;47614.6;cam_ip;suv
CC351-1;Thermal Bullet Cam 384 x 288 Res 35mm;65938;45063;75828.7;51822.45;cam_ip;suv
CC352;HIK Thermal Bullet Cam 640 x 512 15mm;104949.28;71624;120691.672;82367.6;cam_ip;suv
CC353;HIK Thermal Bullet Cam 640 x 512 25mm;104949.28;71624;120691.672;82367.6;cam_ip;suv
CC354;HIK Thermal Dual Lens Bullet Cam - 25mm;68670.39;46865;78970.9485;53894.75;cam_ip;suv
On;;;;0;0;cam_ip;suv
CC355;HIK Thermal Dual Lens Bullet CaM - 50mm;123536.37;84309;142066.8255;96955.35;cam_ip;suv
;;;Request;0;#VALUE!;cam_ip;suv
CC356;HIK Thermal Bullet Cam - 75mm Lens;132540.52;90454;152421.598;104022.1;cam_ip;suv
CC358-1;HIK Thermal PT 25mm - IR 150M Dual Lens;120797;82555;138916.55;94938.25;cam_ip;suv
CC359-1;HIK Thermal PT 50mm - IR 150M Dual Lens;151765;103719;174529.75;119276.85;cam_ip;suv
CC360;Thermal Dual Lens Eco Bullet Cam - 7mm;9946;6797;11437.9;7816.55;cam_ip;suv
CC360-1;Thermal Dual Lens Eco Bullet Cam - 10mm;10486;7166;12058.9;8240.9;cam_ip;suv
CC361;Thermal Dual Lens Eco Dome Camera - 3mm;9672;6610;11122.8;7601.5;cam_ip;suv
CC361-1;Thermal Dual Lens Eco Dome Camera - 7mm;9685.51;6610;11138.3365;7601.5;cam_ip;suv
CC361-2;Hik Dual Lens Turret Cam - 3mm;10822;6291;12445.3;7234.65;cam_ip;suv
IP CAMERAS - HIKVISION Brackets & Junction Boxes;;;;0;0;cam_ip;suv
CC198;HIK Dome Wall Mount Brkt for IP VF Domes;369;257;424.35;295.55;cam_ip;suv
CC198-3;HIK Fisheye Pendant Brkt for CC428 Only;637;435;732.55;500.25;cam_ip;suv
CC198-4;HIK Fisheye Junction Box for CC428 Only;239;163;274.85;187.45;cam_ip;suv
CC198-5;HIK Dome Wall Mount Brkt for Mini-Domes;412;281;473.8;323.15;cam_ip;suv
CC198-6;HIK Dome Wall Mnt Brkt & Box for VF Dome;583;398;670.45;457.7;cam_ip;suv
CC198-9;HIK Wall Mount Bracket for VF Dome White;756;516;869.4;593.4;cam_ip;suv
CC198-10;HIK Wall Mount Bracket for IP Domes;379;258;435.85;296.7;cam_ip;suv
CC198-11;HIK Mini Dome Junction Box White;480;328;552;377.2;cam_ip;suv
CC198-12;HIK Junction Box Camera Bracket - White;458;305;526.7;350.75;cam_ip;suv
CC198-13;HIK Junction Box Camera Bracket White;301;205;346.15;235.75;cam_ip;suv
CC198-14;HIK Junction Box Dome Cam Bracket White;253;172;290.95;197.8;cam_ip;suv
CC198-15;HIK Cam Bracket Power Box  for CC409-2;358;230;411.7;264.5;cam_ip;suv
CC198-16;Wall mount bracket PanoVu Mini Series In;395;264;454.25;303.6;cam_ip;suv
CA21;SP Uni Cam Mnt Enclose 115x115x48mm;58;39;66.7;44.85;cam_ip;suv
CA21-1;SP L Uni Cam Mnt Enclose 161x161x48mm Wh;88;59;101.2;67.85;cam_ip;suv
CA21-5;SP Enclose Blk Uni Cam Mnt 115x115x48mm;58;39;66.7;44.85;cam_ip;suv
;;;;0;0;;suv
Prices are subject to change without prior notice.;;;;0;0;;suv
E&OE. Valid until 31st March 2023.;Page: 9;;;0;0;;suv
www.REGALSECURITY.co.za;05-03-2023;;;0;0;;suv
;;;;0;0;;suv
Trade Price List;;;;0;0;;suv
SURVEILLANCE;;;;0;0;;suv
Our Code;Item Description;Retail Excl VAT;Trade Excl VAT;#VALUE!;#VALUE!;;suv
;IP CAMERAS - HIKVISION PTZ Domes & Accessories;;;0;0;;suv
CC466-2;HIKVISION Camera PTZ 2MP 25 x OZ IR 50m;12840.26;8763;14766.299;10077.45;cam_ip;suv
CC466-3;HIKVISION PTZ 2MP - 25 x OZ ? IR 100m;10256;7009;11794.4;8060.35;cam_ip;suv
CC467;HIKVISION Camera PTZ 2MP 25 x OZ;11807.23;8058;13578.3145;9266.7;cam_ip;suv
CC467-7;HIKVISION Cam PTZ 2MP IR 150m 25 x OZ;14311.4;9767;16458.11;11232.05;cam_ip;suv
CC467-7-1;Hik  2MP Outdoor PTZ Cam - IR 200m;14961;10224;17205.15;11757.6;cam_ip;suv
CC467-10;HIKV 4 MP 25X Powered;12255;8375;14093.25;9631.25;cam_ip;suv
CC469-2;2MP Darkfighter PTZ Cam - IR 200m - 42X;42762.76;29184;49177.174;33561.6;cam_ip;suv
CC469-5;HIK IP 2MP Darkfighter PTZ IR200m 25 xOZ;34393.07;23472;39552.0305;26992.8;cam_ip;suv
CC469-6;HIK IP 4MP Darkfighter PTZ IR200m 25 xOZ;35811.47;24440;41183.1905;28106;cam_ip;suv
CC469-7;HIK IP 4MP Darkfighter PTZ IR200m 42X OZ;44426;30361;51089.9;34915.15;cam_ip;suv
CC469-9;2MP Ultra Low Light PTZ Cam -Laser IR;67753.12;46239;77916.088;53174.85;cam_ip;suv
CC95-2;Speed Dome -HIK Keyboard Network Control;5141;3513;5912.15;4039.95;cam_ip;suv
CC95-6;Speed Dome - IP Network Keyboard Control;23099;15786;26563.85;18153.9;cam_ip;suv
CC468-2;HIK PTZ Brkt Pendant Mnt for CC99 CC99-1;536;366;616.4;420.9;cam_ip;suv
CC468-3;HIK PTZ Bracket Corner Mount White;664;452;763.6;519.8;cam_ip;suv
CC468-4;HIK PTZ Bracket Pole Mount White;664;453;763.6;520.95;cam_ip;suv
CC468-5;HIK Compact PTZ Bracket Wall Mount White;458;312;526.7;358.8;cam_ip;suv
CC468-11;PTZ Wall Mnt Brkt White inc Junction Box;1304;888;1499.6;1021.2;cam_ip;suv
CC468-12;HIK Wall Mount Bracket for CC466-2;511;349;587.65;401.35;cam_ip;suv
CC468-13;HIK Pendant Mount Bracket for CC466-2;586;401;673.9;461.15;cam_ip;suv
IP CAMERAS - Software Licenses;;;;0;0;;suv
CDC100;HikCentral Single Camera Licence;953;650;1095.95;747.5;license;suv
CDC100-ALM1;Hik Alarm System Alarm Input connection;87;59;100.05;67.85;license;suv
CDC100-ANPR-C;HikCentral ANPR Single Camera Licence;3785;2583;4352.75;2970.45;license;suv
CDC100-BASE;HikCentral Base License;1309;892;1505.35;1025.8;license;suv
CDC100-BASE-300;HikCentral Base License including 300 Ch;206465;140879;237434.75;162010.85;license;suv
CDC100-BASE-4;HikCentral Base Licence Including 4 Ch;3653;2503;4200.95;2878.45;license;suv
CDC100-BASE-64;HikCentral Base License including 64 Ch;53065;36213;61024.75;41644.95;license;suv
CDC100-DATA;HikCentral Data Reporting Base Licence;23152;15797;26624.8;18166.55;license;suv
CDC100-FACE;HikCentral Facial Recognition 1 Cam Lic;4596;3136;5285.4;3606.4;license;suv
CDC100-IPS-1CH;Hikcentral IP speaker license for 1 Devi;921;628;1059.15;722.2;license;suv
CDC100-IPSM;Hikcentral IP Speaker Module - incl 2 IP;1487;1026;1710.05;1179.9;license;suv
CDC100-PSTOR;HikCentral PSTOR Video Storage Single CL;478;326;549.7;374.9;license;suv
CDC100-PSTOR-BASE HikCentral PSTOR Base License;;4633;3161;5327.95;3635.15;license;suv
CDC100-RSM-BASE;HikCentral RSM Base License -2 Sites;277776;189537;319442.4;217967.55;license;suv
CDC100-SW;HikCentral Smart Wall Base Licence;55524;37886;63852.6;43568.9;license;suv
CDC100-TM;HikCentral Temperature - Mask Module Lic;2359;1610;2712.85;1851.5;license;suv
CCTV KITS - HIKVISION IP;;;;0;0;;suv
SP164-5;HIKVISION 4 Channel NVR Base Kit;14216;9809;16348.4;11280.35;kit_ip;suv
SP165-5;HIKVISION 8 Channel NVR Base Kit;26432;18238;30396.8;20973.7;kit_ip;suv
SP166-5;HIKVISION 16 Channel NVR Base Kit;51369;35444;59074.35;40760.6;kit_ip;suv
CCTV Kits consist of 4-8-16 Channel NVR with HDD;;;;0;0;kit_ip;suv
and 4-8-16 IR Bullet or IR Dome cameras.;;;;0;0;kit_ip;suv
SP164-4;HIKVISION 4 Channel NVR MAXI Kit;17469;12053;20089.35;13860.95;kit_ip;suv
SP165-4;HIKVISION 8 Channel NVR MAXI Kit;29576;20407;34012.4;23468.05;kit_ip;suv
SP166-4;HIKVISION 16 Channel NVR MAXI Kit;55782;38489;64149.3;44262.35;kit_ip;suv
;CCTV Kits consist of 4-8-16 Channel NVR with HDD and 4-8-16 IR Bullet;;;0;0;kit_ip;suv
;"or IR Dome cameras;CAT5 cable; RJ45 connectors & boots; 18.5"" monitor.";;;0;0;kit_ip;suv
SP164;HIKVISION 4 Channel NVR Installer Kit;20187;13929;23215.05;16018.35;kit_ip;suv
SP165;HIKVISION 8 Channel NVR Installer Kit;33598;23182;38637.7;26659.3;kit_ip;suv
SP166;HIKVISION 16 Channel NVR Installer Kit;60215;41548;69247.25;47780.2;kit_ip;suv
;;;;0;0;;suv
CCTV Kits consist of 4-8-16 Channel NVR with HDD and 4-8-16 IR Bullet;;;;0;0;;suv
"or IR Dome cameras;CAT5 cable; RJ45 connectors & boots; 23"" HDMI monitor;";;;;0;0;;suv
HDMI cable and CCTV warning signs.;;;;0;0;;suv
;;;;0;0;;suv
Prices are subject to change without prior notice.;;;;0;0;;suv
E&OE. Valid until 31st March 2023.;Page: 10;;;0;0;;suv
www.REGALSECURITY.co.za;05-03-2023;;;0;0;;suv
;;;;0;0;;suv
Trade Price List;;;;0;0;;suv
INTERCOMS & ACCESS;;;;0;0;;suv
Our Code;Item Description;Retail Excl VAT;Trade Excl VAT;#VALUE!;#VALUE!;;suv
HIKVISION - Intercoms;;;;0;0;;suv
LK450-4;HIK 4Ch 1.3MP MetalVilla Outdoor Station;2770;1895;3185.5;2179.25;int;suv
LK450-7;"HIK 7""Touch Screen Indoor Station";1871;1278;2151.65;1469.7;int;suv
LK451;Video Intercom Module;2786;1901;3203.9;2186.15;int;suv
LK451-1;HIKVISION 1 Module Gate Station Frame SM;1079;736;1240.85;846.4;int;suv
LK451-2;HIKVISION 2 Module Gate Station FSM;1960;1337;2254;1537.55;int;suv
LK451-3;HIKVISION  Module Gate Station FSM;3269;2233;3759.35;2567.95;int;suv
LK451-5;HIKVISION Video Intercom Module - SS;2922;2002.9;3360.3;2303.335;int;suv
LK451-7;"7"" Touch Screen Indoor Station -2nd Gen";3112;2124;3578.8;2442.6;int;suv
LK451-8;HIKVISION Video Intercom Master Station;17011;11644;19562.65;13390.6;int;suv
LK451-9;"HIK 7"" Touch Screen - Convergence Indoor";6031;4120;6935.65;4738;int;suv
LK452;HIKVISION Video Intercom Nametag Module;918;626;1055.7;719.9;int;suv
LK453;HIKVISION Video Intercom Keypad;1976;1348;2272.4;1550.2;int;suv
LK453-1;HIKVISION Video Intercom Display Module;1774;1210;2040.1;1391.5;int;suv
LK453-2;HIK Video Intercom MiFare Card Reader;1226;836;1409.9;961.4;int;suv
LK454;HIKVISION Video Intercom Blank Module;457;312;525.55;358.8;int;suv
LK455;HIK Secure Indoor Access Control Module;1149;785;1321.35;902.75;int;suv
LK461;HIK Fingerprint Access Control Terminal;2263;1525;2602.45;1753.75;int;suv
LK461-1;HIK Video Access Control Terminal- 501SF;4907;3348;5643.05;3850.2;int;suv
LK462;HIK Fingerprint Card Reader - 1201MF;1423;1005;1636.45;1155.75;int;suv
LK462-1;HIK Standalone Fingerprint Access Contro;3829;2632;4403.35;3026.8;int;suv
LK463;HIK Fingerprint & Facial Enrollment Stn;7199;4913;8278.85;5649.95;int;suv
LK463-1;HIKVISION Fingerprint Enrollment Reader;1574;1074;1810.1;1235.1;int;suv
LK499;HIK 1-1 Video Intercom Kit 16GSD 4P Sw;6907;4713;7943.05;5419.95;int;suv
HIKVISION - Access;;;;0;0;;suv
LK458-1;HIK Protective Shield - Advanced;469;320;539.35;368;acc;suv
LK458-2;HIKVISION 2 Module Rainshield;767;523;882.05;601.45;acc;suv
LK458-3;HIKVISION 3 Module Rainshield;922;629;1060.3;723.35;acc;suv
LK459-1;HIKVISION 8 Channel Intercom Dist Switch;893;616;1026.95;708.4;acc;suv
LK460-7-1;HIK 671 Face Recognition Terminal - IP65;11971;8170;13766.65;9395.5;acc;suv
LK460-7-2;Hik  673 Pro Face Access Terminal- IP;11424;7797;13137.6;8966.55;acc;suv
LK460-8;HIKVISION - Protective Rain shield for F;436;297;501.4;341.55;acc;suv
LK460-9;HIK Mini Face Recognition Terminal  341B;4082;2786;4694.3;3203.9;acc;suv
LK460-10;HIK Mini Face Recognition Terminal -341A;5987;4086;6885.05;4698.9;acc;suv
LK491;Hikvision Single Door Access Controller;4789;3268;5507.35;3758.2;acc;suv
LK491-1;Hikvision Two Door Access Controller;5268;3595;6058.2;4134.25;acc;suv
LK491-4;Hikvision Four Door Access Controller;6578;4488;7564.7;5161.2;acc;suv
CDC100-AC;HikCentral Access Control 1 Door License;925;631;1063.75;725.65;acc;suv
CDC100-AC-BASE;HikCentral Access Control Base License;874;596;1005.1;685.4;acc;suv
CDC100-AC-BASE-16;HikCentral Access Control Base License (;4562;3126;5246.3;3594.9;acc;suv
HIKVISION - Other;;;;0;0;acc;suv
SD100;Hikvision IP Horn Speaker;9253;6342;10640.95;7293.3;acc;suv
CDC100-IPS-1CH;Hikcentral IP speaker license for 1 Devi;921;628;1059.15;722.2;acc;suv
CDC100-IPSM;Hikcentral IP Speaker Module - incl 2 IP;1487;1026;1710.05;1179.9;acc;suv
;;;;0;0;;suv
Prices are subject to change without prior notice.;;;;0;0;;suv
E&OE. Valid until 31st March 2023.;Page: 11;;;0;0;;suv
www.REGALSECURITY.co.za;05-03-2023;;;0;0;;suv
;;;;0;0;;suv
Trade Price List;;;;0;0;;suv
INTRUSION - AX-PRO;;;;0;0;;suv
;;;;0;0;;suv
Our Code;Item Description;Retail Excl VAT;Trade Excl VAT;#VALUE!;#VALUE!;;suv
HIKVISION - Intrusion;;;;0;0;;suv
BD400;HIKVISION AX-PRO Wireless PIR Detector;1045;713;1201.75;819.95;intr;suv
BD400-1;HIKVISION AX-PRO Wireless Dual Tech PIR;1756;1198;2019.4;1377.7;intr;suv
BD400-2;HIKVISION AX-PRO Wireless PIR-CAM Detect;2419;1651;2781.85;1898.65;intr;suv
BD400-3;HIK AX-PRO Wireless Curtain Detector;1139;777;1309.85;893.55;intr;suv
BD400-4;HIK AX-PRO Wireless Outdoor Dual Tech DT;3345;2283;3846.75;2625.45;intr;suv
BD400-5;HIKVISION AX-PRO RF Camera Module;1718;1172;1975.7;1347.8;intr;suv
BD400-8;HIK AX-PRO Internal Ceiling Mount PIR Br;30.8;21.1;35.42;24.265;intr;suv
BD400-9;HIK AX-PRO Internal Wall Mount PIR Brckt;30;20.2;34.5;23.23;intr;suv
BD405;HIKVISION AX-PRO Wireless Water Leak DT;953;650;1095.95;747.5;intr;suv
BD405-1;HIK AX-PRO Wireless Temperature Detector;1013;691;1164.95;794.65;intr;suv
CP400;AX-PRO Wireless Kit - 868MHz - 64 Zones;4775;3259;5491.25;3747.85;intr;suv
CP400-1;AX-PRO Wireless Kit - 868MHz - 96 Zones;6551;4471;7533.65;5141.65;intr;suv
CP400-1-P;HIK AX-PRO Panel Only - 868Mhz - 96 Zone;4667;3185;5367.05;3662.75;intr;suv
CP400-P;HIK AX-PRO Panel Only - 868Mhz - 64 Zone;2824;1927;3247.6;2216.05;intr;suv
CP402;HIKVISION AX-PRO Wireless Internal Sound;1004;685;1154.6;787.75;intr;suv
CP402-1;HIK AX-PRO Wireless Outdoor Sounder (Red;1955;1334;2248.25;1534.1;intr;suv
CP402-2;HIK AX-PRO Wireless OD Sounder (Blue);1883;1285;2165.45;1477.75;intr;suv
CP403;HIKVISION AX-PRO Wireless LED Keypad;1369;934;1574.35;1074.1;intr;suv
CP404;HIKVISION AX-PRO Wireless Tag Reader;992;677;1140.8;778.55;intr;suv
CP405;HIKVISION AX-PRO Wireless Keyfob;522;356;600.3;409.4;intr;suv
CP405-1;HIKVISION AX-PRO Tag;49;33;56.35;37.95;intr;suv
CP406;HIKVISION AX-PRO Wireless Universal Tx;736;502;846.4;577.3;intr;suv
CP406-1;HIKVISION AX-PRO Wireless Multi I-O Tx;2627;1793;3021.05;2061.95;intr;suv
CP407;HIKVISION AX-PRO Wireless Repeater;1934;1320;2224.1;1518;intr;suv
CP409;HIKVISION AX-PRO Wireless Relay Module;677;462;778.55;531.3;intr;suv
CP409-1;HIKVISION AX-PRO Wireless Wall Switch;756;516;869.4;593.4;intr;suv
CP409-2;HIKVISION AX-PRO Wireless Smart Plug;793;541;911.95;622.15;intr;suv
CP410;HIKVISION AX-PRO Radio Connection Cable;118;80;135.7;92;intr;suv
FR400;HIKVISION AX-PRO Wireless Smoke Detector;1205;822;1385.75;945.3;intr;suv
MC400;HIK AX-PRO Wireless Door Contact;609;415;700.35;477.25;intr;suv
MC400-1;HIK AX-PRO Wireless Door Contact - Slim;494;337;568.1;387.55;intr;suv
PS400;HIKVISION AX-PRO 12V PSU Module;400;273;460;313.95;intr;suv
SW400;HIKVISION AX-PRO Wireless Panic Button;453;309;520.95;355.35;intr;suv
;;;;0;0;;suv
Prices are subject to change without prior notice.;;;;0;0;;suv
E&OE. Valid until 31st March 2023.;Page: 12;;;0;0;;suv
www.REGALSECURITY.co.za;05-03-2023;;;0;0;;suv
;;;;0;0;;suv
Trade Price List;;;;0;0;;suv
SURVEILLANCE;;;;0;0;;suv
Our Code;Item Description;;Retail Excl VAT;0;#VALUE!;;suv
CCTV SWITCHES & POE Injectors;;;;0;0;;suv
NW100-3;Switch 4-Port GB Mang Ind PoE +2GB SFP i;5;599;5.75;688.85;swt;suv
NW101;Genata 4P Gb PoE + 2P (TP&SFP);;946;0;1087.9;swt;suv
NW101-2;Switch 4-Port GB PoE Ext 1-Port GB TP 1-;;872;0;1002.8;swt;suv
NW101-3;8-Port GB 12VDC Input Switch;;999;0;1148.85;swt;suv
NW101-7;8-Port GB Mang Ind PoE +4GB SFP Switch i;7;271;8.05;311.65;swt;suv
NW101-9;Genata 8P Gb PoE + 4P (TP&SFP);2;422;2.3;485.3;swt;suv
NW101-10;Genata 8P Gb + 2P SFP Man. PoE;2;999;2.3;1148.85;swt;suv
NW110-4;8-Port 10-100 Ind PoE 1GB TP 1 SFP Uplin;4;543;4.6;624.45;swt;suv
NW111-4;Genata 16P PoE + 3Gb (TP-SFP);3;516;3.45;593.4;swt;suv
NW111-6;Genata 16P Gb PoE + 2Gb SFP;4;396;4.6;455.4;swt;suv
NW111-7;16-Port GB PoE 2GB TP 2GB SFP Uplink Swi;5;795;5.75;914.25;swt;suv
NW121-6;16-Port 10-100 PoE 2GB TP 1GB SFP Uplink;5;408.42;5.75;469.683;swt;suv
NW121-8;16-Port GB Mang PoE 4 SFP Uplink Switch;9;523;10.35;601.45;swt;suv
NW121-10;Genata 16P Gb + 2P SFP Man. PoE;6;285;6.9;327.75;swt;suv
NW113-2;24-Port 10-100 PoE 2GB TP 1GB SFP Combo;8;47;9.2;54.05;swt;suv
NW114-2;24-Port 10-100 Mang PoE 2GB TP 2GB SFP U;7;370;8.05;425.5;swt;suv
NW114-4;Switch 24-Port GB Mang PoE 4-Port GB RJ4;9;562;10.35;646.3;swt;suv
NW114-6;PLANET 24 Port Gigabit Managed PoE + 4 G;12;570;13.8;655.5;swt;suv
NW115-2;24-Port GB Mang PoE 4GB SFP Uplink Switc;12;920;13.8;1058;swt;suv
NW115-4;24-Ports GB Mang 4GB-10GB Uplink Switch;17;72.6;19.55;83.49;swt;suv
NW115-5;24-Port SFP Mang 8 Share GB TP 4GB-10GB;24;186.18;27.6;214.107;swt;suv
NW115-8;24-Port GB Mang PoE 4GB SFP Uplink Switc;11;939;12.65;1079.85;swt;suv
NW143;PoE Injector 30Watt 1000Mbps CAT5;;709;0;815.35;swt;suv
NW143-2;PoE Injector 60Watt 1000Mbps CAT5;1;173;1.15;198.95;swt;suv
NW144;UTEPO 10-100 PoE (max 30W) Repeater;1;521;1.15;599.15;swt;suv
NW145;UTEPO Ind. Gigabit PoE (90W) Repeater;3;362;3.45;416.3;swt;suv
CC71;Passive Injector & Splitter PoE 12-15VDC;;149;0;171.35;swt;suv
CC72;Passive Injector or Splitter GB PoE from;;155;0;178.25;swt;suv
NW100-6;Genata Outdoor 8P PoE Switch;2;608;2.3;699.2;swt;suv
NW100-7;2 Port Ethernet to Fibre Media Convertor;2;38;2.3;43.7;swt;suv
NW139;Cascade PoE Transmission;;335;0;385.25;swt;suv
NW139-2;Water-resistant Cascade PoE Transmitter;;365;0;419.75;swt;suv
NW139-5;PoE Separation Converter;;103;0;118.45;swt;suv
NW276-4;1-9-16 Channel IP Screen Decoder;1;289;1.15;332.35;swt;suv
HW22-9;Waterproof Connectors for the NW139-5 -;;27;0;31.05;swt;suv
;;;;0;0;;suv
Prices are subject to change without prior notice.;;;;0;0;;suv
E&OE. Valid until 31st March 2023.;Page: 13;;;0;0;;suv
www.REGALSECURITY.co.za;05-03-2023;;;0;0;;suv
;;;;0;0;;suv
Trade Price List;;;;0;0;;suv
SURVEILLANCE;;;;0;0;;suv
Our Code;Item Description;Retail Excl VAT;Trade Excl VAT;#VALUE!;#VALUE!;;suv
WISNetworks Wireless Network Devices;;;;0;0;;suv
NW202;WIS 5GHz Outdoor CPE;2035;1399;2340.25;1608.85;wireless;suv
NW204-1;WIS 2.4GHz Outdoor CPE;1098;745;1262.7;856.75;wireless;suv
NW205;WIS 5GHz Outdoor CPE;1347;919;1549.05;1056.85;wireless;suv
NW210;WIS 5GHz Outdoor Base Station;2771;1899;3186.65;2183.85;wireless;suv
NW220-1;WIS 5GHz Outdoor Dish-CPE;1463;998;1682.45;1147.7;wireless;suv
NW221;WIS 5GHz 120 Sector Antenna;3380;2366;3887;2720.9;wireless;suv
NW222;5GHz Dish 30dBi 2x2 MIMO N-type Connect;3566;2496;4100.9;2870.4;wireless;suv
NW224-1;AP WIS-ANO5812 OMNI Antenna + NW224;3382;2325;3889.3;2673.75;wireless;suv
NW230;WIS 5GHz Outdoor 120 Sector Base Station;2490;1699;2863.5;1953.85;wireless;suv
NW231;5GHz CPE 2x2 MIMO 867Mbps IP65 1x1000M;1997;1363;2296.55;1567.45;wireless;suv
NW240;WIS 5GHz Outdoor 120 Sector Base Station;6219;4351;7151.85;5003.65;wireless;suv
;;;;0;0;;suv
Prices are subject to change without prior notice.;;;;0;0;;suv
E&OE. Valid until 31st March 2023.;Page: 14;;;0;0;;suv
www.REGALSECURITY.co.za;05-03-2023;;;0;0;;suv
;;;;0;0;;suv
Trade Price List;;;;0;0;;suv
SURVEILLANCE;;;;0;0;;suv
Our Code;Item Description;Retail Excl VAT;Trade Excl VAT;#VALUE!;#VALUE!;;suv
Remote View PC's;;;;0;0;;suv
CD50-1;Access Control PC Lite;16225;11357;18658.75;13060.55;pc;suv
CD50-2;PC - Access Control;19125;13387;21993.75;15395.05;pc;suv
CD51-3;CCTV Remote view compact PC Win10;24278;16994;27919.7;19543.1;pc;suv
CD52-1;CCTV W-Station Entry Level max 32 Cam DS;21745;15221;25006.75;17504.15;pc;suv
CD52-2;CCTV W-Station Mid Level max 64 Cam DSS;30820;21574;35443;24810.1;pc;suv
CD52-4;CCTV W-Station High End max 128 CamDSS o;44908;31435;51644.2;36150.25;pc;suv
;Special build PC's and Embedded NVR's and DVR's available on request.;;;0;0;;suv
MONITORS - COLOUR;;;;0;0;;suv
CM14;Monitor LED 19.5'' 1366x768 HDMI VESA Mn;2749;1998;3161.35;2297.7;monitor;suv
CM18;"HIKVISION Monitor 18.5"";  VGA  and HDMI";2191;1495;2519.65;1719.25;monitor;suv
CM23-1;"Monitor LED 23.6"" 1920x1080 VGA HDMI";4285;2999;4927.75;3448.85;monitor;suv
CM23-2;"Monitor LED 23"" 1920x1080 VGA HDMI incl";3999;3199;4598.85;3678.85;monitor;suv
CM46;"Mecer Monitor LED 19.5"" TFT VGA HDMI  Sp";2560;1600;2944;1840;monitor;suv
CM44;"Mecer Monitor 23.8"" Dsub HDMI";4400;2750;5060;3162.5;monitor;suv
CM42;"Mecer Monitor LED 32"" FHD 2x HD";4329;2699;4978.35;3103.85;monitor;suv
CM43;"Mecer Monitor LED 43"" FHD 1080p";7410;4635;8521.5;5330.25;monitor;suv
;"32"" to 49"" Monitors available on request.";;;0;0;;suv
;SURVEILLANCE HARD DRIVES & NAS;;;0;0;;suv
CH22-6;Seagate Skyhawk Surveillance Hard Drive;1253;877;1440.95;1008.55;hdd;suv
CH22-8;Seagate Skyhawk Surveillance Hard Drive;1570;1099;1805.5;1263.85;hdd;suv
CH22-9;Seagate Skyhawk Surveillance Hard Drive;2170;1519;2495.5;1746.85;hdd;suv
CH22-10;Seagate Skyhawk Surveillance Hard Drive;2208;1545;2539.2;1776.75;hdd;suv
CH22-11;Seagate Skyhawk Surveillance HDD 6TB;4043;2830;4649.45;3254.5;hdd;suv
CH22-12;Seagate Skyhawk Surveillance Hard Drive;5255;3678;6043.25;4229.7;hdd;suv
CH22-13;Seagate Skyhawk Surveillance Hard Drive;7640;5348;8786;6150.2;hdd;suv
CH22-10N;Seagate Ironwolf NAS Hard Drive 4TB SATA;3162;2213;3636.3;2544.95;hdd;suv
CH22-11N;Seagate Ironwolf NAS Hard Drive 6TB SATA;4968;3477;5713.2;3998.55;hdd;suv
CH22-12N;Seagate Ironwolf NAS Hard Drive 8TB SATA;6503;4552;7478.45;5234.8;hdd;suv
CH22-13N;Seagate Ironwolf NAS Hard Drive 10TB SAT;8392;5874;9650.8;6755.1;hdd;suv
CH22-14N;Seagate Ironwolf NAS Hard Drive 12TB;11178;7824;12854.7;8997.6;hdd;suv
CH23-10;Seagate EXOS Enterprise Hard Drive 10TB;7692;5384;8845.8;6191.6;hdd;suv
CH02-1;"QNAP NAS 4-Bay Empty; 3xUSB 2xLAN";9530.6;6671.42;10960.19;7672.133;hdd;suv
CCTV Storage;;;;0;0;;suv
CH54;Micro SD Card 16GB Class 10;162;110.8;186.3;127.42;storage;suv
CH54-1;Micro SD Card 32GB Class 10;99;89;113.85;102.35;storage;suv
CH54-2;Micro SD Card 64GB Class 10;226;158;259.9;181.7;storage;suv
CH54-3;Micro SD Card 128GB Class 10;345;241;396.75;277.15;storage;suv
CH54-4;Micro SD Card 256GB Class 10;1165;873.75;1339.75;1004.8125;storage;suv
;Remote View PC's Accessories;;;0;0;pc;suv
CH18;Mouse - Black;121;84.7;139.15;97.405;pc;suv
CH18-1;Wireless Mouse;459;321;527.85;369.15;pc;suv
CH19-3;Gigabyte Keyboard and Mouse Combo;419;293;481.85;336.95;pc;suv
CH19-4;Wireless Keyboard and Mouse Combo;713;499;819.95;573.85;pc;suv
;;;;0;0;;suv
Prices are subject to change without prior notice.;;;;0;0;;suv
E&OE. Valid until 31st March 2023.;Page: 15;;;0;0;;suv
www.REGALSECURITY.co.za;05-03-2023;;;0;0;;suv
;;;;0;0;;suv
Trade Price List;;;;0;0;;suv
SURVEILLANCE;;;;0;0;;suv
Our Code;Item Description;Retail Excl VAT;Trade Excl VAT;#VALUE!;#VALUE!;;suv
;CABINETS FOR RACK MOUNT DVR & NVR UNITS;;;0;0;;suv
CA100;27U 600 + 800 Cabinet incl Fans & Power;10478;7334;12049.7;8434.1;cabinet;suv
CA100-1;"18U 800mm Internal; 950mm High Floor";11135;7794;12805.25;8963.1;cabinet;suv
CA101;41U 600 + 800 Cabinet incl Fans & Power;14658;10260;16856.7;11799;cabinet;suv
CA118;FINEN 18U Floor Standing Cabinet;7720;4825;8878;5548.75;cabinet;suv
CA122;FINEN 22U Floor Standing Cabinet;8240;5150;9476;5922.5;cabinet;suv
CA127;FINEN 27U Floor Standing Cabinet;8480;5300;9752;6095;cabinet;suv
CA142;FINEN 42U Floor Standing Cabinet;11468;7167.5;13188.2;8242.625;cabinet;suv
CA102;4U 300 + 200 Wall Box incl Fans & Power;2760;1725;3174;1983.75;cabinet;suv
CA102-B;4U 300 + 200mm Wall Box - Grey;2200;1375;2530;1581.25;cabinet;suv
CA102-1;4U 300 + 200 Wall Box incl Fans Black;2760;1725;3174;1983.75;cabinet;suv
CA102-1B;4U 300 + 200mm Wall Box - Black;2200;1375;2530;1581.25;cabinet;suv
CA102-2;4U 500mm Wall Box incl Fans and Power;2760;1725;3174;1983.75;cabinet;suv
CA102-3;4U 400mm Solid Wall Box Black;1450;906.25;1667.5;1042.1875;cabinet;suv
CA111B;6U 400 + 200mm Wall Box - Black;2662;1663.75;3061.3;1913.3125;cabinet;suv
CA111;6U Swingframe Incl Fan and 5-Way Power;3130;1956.25;3599.5;2249.6875;cabinet;suv
CA103B;9U Swingframe Wallbox - 600mm Deep;3196;1997.5;3675.4;2297.125;cabinet;suv
CA103;9U Swingframe Incl Fan and 5-Way Power;3730;2331.25;4289.5;2680.9375;cabinet;suv
CA104B;12U Swingframe Wallbox - 600mm Deep;3460;2162.5;3979;2486.875;cabinet;suv
CA104;12U Swingframe Incl Fan and 5-Way Power;3980;2487.5;4577;2860.625;cabinet;suv
CA102-4;IP55 4U Wall Mount Outdoor;4706;2941.25;5411.9;3382.4375;cabinet;suv
CA102-5;IP55 4U Swing Frame Wall Mount Outdoor;6338;3961.25;7288.7;4555.4375;cabinet;suv
CA111-2;IP55 6U Wall Mount 19' Outdoor Gray;5226;3266.25;6009.9;3756.1875;cabinet;suv
CA111-3;IP55 6U Swing Frame Wall Mount Outdoor;7328;4580;8427.2;5267;cabinet;suv
;;;;0;0;cabinet;suv
CA103-1;IP55 9U Wall Mount Outdoor;6154;3846.25;7077.1;4423.1875;cabinet;suv
CA103-2;IP55 9U Swing Frame Wall Mount Outdoor;7736;4835;8896.4;5560.25;cabinet;suv
CA104-2;IP55 12U Wall Mount Outdoor Gray;7356;4597.5;8459.4;5287.125;cabinet;suv
CA104-3;IP55 12U Swing Frame Wall Mount Outdoor;8930;5581.25;10269.5;6418.4375;cabinet;suv
CA105;1U Blanking Panel;66.44;41.52;76.406;47.748;cabinet;suv
CA106;2U Blanking Panel;97.5;60.93;112.125;70.0695;cabinet;suv
CA108;1 U Brush Panel;120;75;138;86.25;cabinet;suv
CA109;450mm Front mount Tray;350;218.75;402.5;251.5625;cabinet;suv
CA109-1;Cantilever Shelf 19 Inch 2U 330mm Deep;284;177.5;326.6;204.125;cabinet;suv
CA113;IP55 2 Way fan unit for Wall Mount;1840;1150;2116;1322.5;cabinet;suv
CA113-1;Single fan units for Wall Mount Cabinets;300;187.5;345;215.625;cabinet;suv
CA114;5 Way Multiplug with 3m lead - Plastic;268;167.5;308.2;192.625;cabinet;suv
CA114-1;"PDU 19"" 1U 10 Way 10A IEC Outlet";1038;648.75;1193.7;746.0625;cabinet;suv
CA114-2;"PDU 19"" 1.5U 10 Way 16A SA Outlet";1238;773.75;1423.7;889.8125;cabinet;suv
CA114-3;"PDU 19"" 1U 6 Way 10A IEC Outlet";838;523.75;963.7;602.3125;cabinet;suv
CA114-4;"PDU 19"" 1.5U 6 Way 16A SA Outlet";930;581.25;1069.5;668.4375;cabinet;suv
;Other cabinet sizes and accessories available;;;0;0;;suv
;;;;0;0;;suv
Prices are subject to change without prior notice.;;;;0;0;;suv
E&OE. Valid until 31st March 2023.;Page: 16;;;0;0;;suv
www.REGALSECURITY.co.za;05-03-2023;;;0;0;;suv
;;;;0;0;;suv
Trade Price List;;;;0;0;;suv
SURVEILLANCE;;;;0;0;;suv
Our Code;Item Description;Retail Excl VAT;Trade Excl VAT;#VALUE!;#VALUE!;;suv
;"CCTV BALUNS; EXTENDERS & CONVERTERS";;;0;0;;suv
CC48;Balun 4Ch Passive Hub UTP HD-TVI-CVI-AHD;502;345;577.3;396.75;access;suv
CC50-1;Balun 1 Ch UTP Passive Video Transceiver;74;39;85.1;44.85;access;suv
CC67;VGA Video Splitter 1-4-Way;1168;798;1343.2;917.7;access;suv
CC70;4-in-1 16-Ch Analogue Video Power Trans;5772;3968;6637.8;4563.2;access;suv
CC71;Passive Injector & Splitter PoE 12-15VDC;149;79.9;171.35;91.885;access;suv
NW270-5;HDMI Extender Kit Over CAT5E-6 Full HD;1069;746;1229.35;857.9;access;suv
NW270-6;HDMI Extender Kit Rx & Tx 200m;3243;2269;3729.45;2609.35;access;suv
NW270-7;HDMI Extender Additional Rx for NW270-6;1619;1131;1861.85;1300.65;access;suv
NW273-1;HDMI Splitter 1 - 4 HDMI 2.0 1080P;1230;839;1414.5;964.85;access;suv
NW274-1;HDMI Splitter 1 in 2 Out Metal 1.4 4K;299;206;343.85;236.9;access;suv
NW275;HDMI 2 Port Bi-direction 1 x 2 Splitter;273;199;313.95;228.85;access;suv
NW276-2;HDMI to AV Mini Converter 1080p;640;438;736;503.7;access;suv
NW278;HDMI 5 in 1 out switcher;446;318;512.9;365.7;access;suv
NW278-1;HDMI 2.0 -  3 Input 1 Output Switch;450;322;517.5;370.3;access;suv
NW143;PoE Injector 30Watt 1000Mbps CAT5;709;483;815.35;555.45;access;suv
NW143-2;PoE Injector 60Watt 1000Mbps CAT5;1173;799;1348.95;918.85;access;suv
NW144;UTEPO 10-100 PoE (max 30W) Repeater;1521;1049;1749.15;1206.35;access;suv
CC71;Passive Injector & Splitter PoE 12-15VDC;149;79.9;171.35;91.885;access;suv
CC72;Passive Injector or Splitter GB PoE from;155;108;178.25;124.2;access;suv
NW160;Genata Gb Ethernet to Fibre Converter;984;669;1131.6;769.35;access;suv
NW169;SFP - Fibre Transmitter 1000Base-SX 2Km;789;552;907.35;634.8;access;suv
NW169-3;PLANET SFP-Transceiver - 550m (MM);668;499;768.2;573.85;access;suv
NW169-1;"PLANET Fibre Converter (SC; MM) -550m";1999;1399;2298.85;1608.85;access;suv
NW169-10;PLANET SFP-Transceiver - 20km (SM);753;527;865.95;606.05;access;suv
NW169-15;PLANET 15 Slot Fibre Optic Chassis;8563;5994;9847.45;6893.1;access;suv
NW169-2;"PLANET Fibre Converter (SC; SM) -10km";2068;1447;2378.2;1664.05;access;suv
NW169-7;Gigabit Ethernet-Fiber Converter;1000;690;1150;793.5;access;suv
;FIBRE OPTIC FLY LEADS;;;0;0;access;suv
CB65-40;LC-LC Multi Mode Fibre Fly Lead 1m;129;90;148.35;103.5;access;suv
CB65-41;LC-SC Multi Mode Fibre Fly Lead 2m;109;76;125.35;87.4;access;suv
CB65-42;SC-SC Multi Mode Fibre Fly Lead 1m;103;72;118.45;82.8;access;suv
CB65-43;ST-SC Multi Mode Fibre Fly Lead 2m;120;84;138;96.6;access;suv
CB65-44;ST-ST Multi Mode Fibre Fly Lead 1m;132;92;151.8;105.8;access;suv
On;;;;0;0;access;suv
CB65-45;ST-LC Multi Mode Fibre Fly Lead 2m;142;99;163.3;113.85;access;suv
;;;;0;0;access;suv
CB65-50;LC-LC Single Mode Fibre Fly Lead 2m;123;86;141.45;98.9;access;suv
CB65-51;LC-SC Single Mode Fibre Fly Lead 2m;125;87;143.75;100.05;access;suv
CB65-52;LC-ST Single Mode Fibre Fly Lead 2m;149;104;171.35;119.6;access;suv
CB65-53;SC-SC Single Mode Fibre Fly Lead 1m;193;135;221.95;155.25;access;suv
CB65-54;ST-ST Single Mode Fibre Fly Lead 2m;210;147;241.5;169.05;access;suv
CB65-55;SC-ST Single Mode Fibre Fly Lead 2m;210;147;241.5;169.05;access;suv
FIBRE OPTIC COUPLERS;;;;0;0;access;suv
CN49;Fibre Optic Mid Coupler ST Simplex SM;20.9;14.6;24.035;16.79;access;suv
CN49-1;Fibre Optic Mid Coupler ST Simplex MM;20;14;23;16.1;access;suv
CN49-2;Fibre Optic Mid Coupler SC Duplex SM;23.9;16.7;27.485;19.205;access;suv
CN49-3;Fibre Optic Mid Coupler SC Duplex MM;12.4;8;14.26;9.2;access;suv
CN49-4;Fibre Optic Mid Coupler LC Duplex SM;35.8;25;41.17;28.75;access;suv
CN49-5;Fibre Optic Mid Coupler LC Duplex MM;25.8;18;29.67;20.7;access;suv
;;;;0;0;;suv
Prices are subject to change without prior notice.;;;;0;0;;suv
E&OE. Valid until 31st March 2023.;Page: 17;;;0;0;;suv
www.REGALSECURITY.co.za;05-03-2023;;;0;0;;suv
;;;;0;0;;suv
Trade Price List;;;;0;0;;suv
SURVEILLANCE;;;;0;0;;suv
Our Code;Item Description;Retail Excl VAT;Trade Excl VAT;#VALUE!;#VALUE!;;suv
CCTV CABLES;;;;0;0;;suv
CB10;RG59 - Black Mil 75 Ohm - 100m;639;447;734.85;514.05;cable;suv
CB11;RG59 - Black Mil 75 Ohm - 500m;3478;2434;3999.7;2799.1;cable;suv
CB10-1;RG59 + Power - White - 100m;782;547;899.3;629.05;cable;suv
CB10-9;RG59 + Power - Black - 100m;733;513;842.95;589.95;cable;suv
CB10-10;RG59 + Power - Black - 300m;2198;1538;2527.7;1768.7;cable;suv
CB10-7;RG59 + Power - Black Mil - 100m;1096;767;1260.4;882.05;cable;suv
CB10-8;RG59 + Power - Black Mil - 500m;5468;3827;6288.2;4401.05;cable;suv
CB10-12;RG59 + Power - Black - 500m;3662;2563;4211.3;2947.45;cable;suv
CB65;Cable - CAT5 CCA 10Mbps - 100m;356;249;409.4;286.35;cable;suv
CB69;Cable - CAT5E UTP BC 100m;806;564;926.9;648.6;cable;suv
CB69-2;Cable - CAT5E UTP BC 500m;4296;3007;4940.4;3458.05;cable;suv
CB66-2;UTP 4Pairs Cable Category 5E PVC 305m;2408;1685;2769.2;1937.75;cable;suv
CB69-4;Cable - CAT5E Outdoor UTP BC 500m Black;5629;3940;6473.35;4531;cable;suv
CB69-7;Cable - CAT5E S-UTP Indoor Grey - 500m;6096;4267;7010.4;4907.05;cable;suv
CB69-9;Cable - CAT5E S-UTP Outdoor UVBlack 100m;1382;967;1589.3;1112.05;cable;suv
CB69-8;Cable - CAT5E S-UTP Outdoor UVBlack 500m;6429;4500;7393.35;5175;cable;suv
CB69-11;Cable - CAT5E Green UTP BC 500m;4353;3047;5005.95;3504.05;cable;suv
CB70;Cable - CAT6E UTP BC 100m;1042;729;1198.3;838.35;cable;suv
CB66-3;UTP 4Pairs Cable Cat 6 PVC Sheath 305m;3385;2389;3892.75;2747.35;cable;suv
CB70-1;Cable - CAT6E U-UTP BC 300m Grey;3303;2312;3798.45;2658.8;cable;suv
CB70-2;Cable - CAT6E U-UTP BC 500m Grey;5506;3854;6331.9;4432.1;cable;suv
CB70-4;Cable - CAT6E Outdoor UTP BC 500m Black;8568;5997;9853.2;6896.55;cable;suv
CB70-5;Cable - CAT6E U-UTP BC 500m Yellow;5553;3887;6385.95;4470.05;cable;suv
CB70-6;Cable - CAT6E U-UTP BC 500m Orange Solid;5553;3887;6385.95;4470.05;cable;suv
CB70-7;Cable - CAT6E S-UTP Indoor Grey 500m;8565;5995;9849.75;6894.25;cable;suv
CB70-8;Cable - CAT6 S-UTP Outdoor UV Black 500m;8572;6000;9857.8;6900;cable;suv
CB70-9;Cable - CAT6E S-UTP Outdoor UV Black 100;1839;1287;2114.85;1480.05;cable;suv
CB65-2;Cable - CAT5 Fly Lead Grey - 3m;47.8;35.8;54.97;41.17;cable;suv
CB65-22;Cable - CAT5 Patch Cord Grey 0.5m;19.6;12.7;22.54;14.605;cable;suv
CB65-32;Cable - CAT6 Patch Cord Grey 0.5m;37;25.4;42.55;29.21;cable;suv
CB65-13;CAT6 Fly Lead Grey 3m;50;36;57.5;41.4;cable;suv
CB65-15;CAT6 Fly Lead Grey 5m;66;47.5;75.9;54.625;cable;suv
;Other CAT5E and CAT6 Cable Colours Available on Request;;;0;0;cable;suv
HDMI CABLES;;;;0;0;cable;suv
CB92-1-4K;HDMI 2.0 Cable 4K Male to Male 0.5m 30AW;60;52;69;59.8;cable;suv
CB92-2-4K;HDMI 2.0 Cable 4K Male to Male 2;80;54;92;62.1;cable;suv
CB92-5-4K;HDMI 2.0 Cable 4K male to Male 5m;204;139;234.6;159.85;cable;suv
CB92-10-4K;HDMI 2.0 Cable 4K Male to Male 10m;439;299;504.85;343.85;cable;suv
CB92-20-4K;HDMI 2.0 Cable 4K Male to Male 20m 24AWG;1171;799;1346.65;918.85;cable;suv
CB93;HDMI Act Optical Cable 4K-60Hz UHD Displ;7233;5062.9;8317.95;5822.335;cable;suv
CONNECTORS;;;;0;0;cable;suv
CN01;BNC - Crimp Plug 6mm Male;11;7.6;12.65;8.74;cable;suv
CN01-2;BNC - Plug Screw Fixing;16.7;10.8;19.205;12.42;cable;suv
CN01-3;BNC - Female Crimp 6m;21.5;15;24.725;17.25;cable;suv
CN02;BNC - T Piece;14.2;9.2;16.33;10.58;cable;suv
CN03;BNC in-line adaptor - Female to Female;10.8;7;12.42;8.05;cable;suv
CN03-1;BNC Female - RCA Male Adaptor;13;8.8;14.95;10.12;cable;suv
CN03-2;BNC  - Male - RCA Male Adaptor;19.9;13.95;22.885;16.0425;cable;suv
CN04;BNC - Black boots;4.46;2.9;5.129;3.335;cable;suv
;;;;0;0;cable;suv
Prices are subject to change without prior notice.;;;;0;0;;suv
E&OE. Valid until 31st March 2023.;Page: 18;;;0;0;;suv
www.REGALSECURITY.co.za;05-03-2023;;;0;0;;suv
;;;;0;0;;suv
Trade Price List;;;;0;0;;suv
SURVEILLANCE;;;;0;0;;suv
Our Code;Item Description;Retail Excl VAT;Trade Excl VAT;#VALUE!;#VALUE!;;suv
CONNECTORS;;;;0;0;;suv
CN04-1;DC Plug incl Terminal Connector Block Ma;14.4;9.4;16.56;10.81;connect;suv
CN04-3;DC Plug Lead incl Connector;24.7;16.8;28.405;19.32;connect;suv
CN04-5;DC Socket incl Terminal Connector Block;13;8.3;14.95;9.545;connect;suv
HW22-1;Connector - RJ45 for CAT 5 Cable;3;1.69;3.45;1.9435;connect;suv
HW22-3;Connector Boot - RJ45 Grey;3;1.9;3.45;2.185;connect;suv
HW23-1;Connector Boot - RJ45 Green;1.85;1.2;2.1275;1.38;connect;suv
HW22-6;Connector - CAT6 Shielded RJ45 for STP;6.6;4.6;7.59;5.29;connect;suv
HW22-7;Connector - CAT5 Shielded RJ45 for STP;4.46;2.9;5.129;3.335;connect;suv
HW23-7;CAT7 RJ45 Shielded Connector + Insert 22;86;60;98.9;69;connect;suv
HW22-8;RJ45 PushThough Connector for CAT5 Cable;3.5;2.4;4.025;2.76;connect;suv
;;;;0;0;connect;suv
CN15;CAT5E Single Wall Box;42;29.4;48.3;33.81;connect;suv
CN15-1;CAT5E Double Wall Box;76;52.9;87.4;60.835;connect;suv
CN15-2;CAT6 Single Wall Box;52;36.4;59.8;41.86;connect;suv
CN15-3;CAT6 Double Wall Box;103;71.5;118.45;82.225;connect;suv
;;;;0;0;connect;suv
CN16-4;CAT5E UTP 24 Port Patch Panel;680.2;476.1;782.23;547.515;connect;suv
CN16-6;CAT6 UTP 24 Port Patch Panel;649;454;746.35;522.1;connect;suv
;;;;0;0;;suv
TOOLS & TEST METERS;;;;0;0;;suv
TL48;Crimping Tool - 6mm RG59;496;347.2;570.4;399.28;tool;suv
TL48-2;Crimping Tool - RJ11 - RJ12 - RJ45;413;288.8;474.95;332.12;tool;suv
TL49-1;Coaxial Cable Stripper - Round Handle;198.6;139;228.39;159.85;tool;suv
TL22;Tone And Probe Tester MTC40;2136;1495;2456.4;1719.25;tool;suv
TL22-1;Multimeter - LAN Tester for CAT 5 MTC50;2836;1985;3261.4;2282.75;tool;suv
;;;;0;0;;suv
CCTV POWER SUPPLIES;;;;0;0;;suv
PS40-1;PSU - 2.5 Amp 12 VDC Regulated;248;169.6;285.2;195.04;pow;suv
PS65-1;SP CCTV PS Switch Mode 12VDC 4Amp Regula;315;216;362.25;248.4;pow;suv
PS64-1;SP CCTV PS Dist Box 9-Way 5Amp;967;659;1112.05;757.85;pow;suv
PS64-2;SP CCTV PS Dist Box 9-Way 10Amp;999;778;1148.85;894.7;pow;suv
PS64-3;SP CCTV PS Dist Box 9-Way 8Amp Power Sto;1597;1089;1836.55;1252.35;pow;suv
PS68;SP CCTV PS Dist Box 10-Way 10Amp;903;619;1038.45;711.85;pow;suv
PS69;SP CCTV PS Dist Box 18-Way 20Amp;1316;899;1513.4;1033.85;pow;suv
PS70;SP PS 12VDC 10Amp Enclosed;586;399;673.9;458.85;pow;suv
CCTV ACCESSORIES;;;;0;0;;suv
CC27;RF Modulator AV to RF Converter;478;334;549.7;384.1;access;suv
CC27-3;CCTV VGA In to VGA BNC Out 5V PSU;1517;1035;1744.55;1190.25;access;suv
CC27-2;SP Cam Sound Mod Microphone;189;129;217.35;148.35;access;suv
CC27-4;Converter CCTV AV to VGA & HDMI;902;615;1037.3;707.25;access;suv
CC27-5;Video Distribution Amp 1 - 4;433;295;497.95;339.25;access;suv
CC30-1;SP Wall Mnt Bracket for LCD Monitors Pan;557;389;640.55;447.35;access;suv
CC31-2;SP Fixed Wall Mnt Bracket for LCD Monito;233;158;267.95;181.7;access;suv
CC32-1;SP Fixed Wall Mnt Bracket for LCD Monito;345;235;396.75;270.25;access;suv
CC757;Small Luminous CCTV Sign 220 x 220mm;128;89;147.2;102.35;access;suv
CC758;Large Luminous CCTV Sign 325 x 325mm;190;133;218.5;152.95;access;suv
CA21;SP Uni Cam Mnt Enclose 115x115x48mm;58;39;66.7;44.85;access;suv
CA21-1;SP L Uni Cam Mnt Enclose 161x161x48mm Wh;88;59;101.2;67.85;access;suv
CA21-5;SP Enclose Blk Uni Cam Mnt 115x115x48mm;58;39;66.7;44.85;access;suv
;;;;0;0;;suv
Prices are subject to change without prior notice.;;;;0;0;;suv
E&OE. Valid until 31st March 2023.;Page: 19;;;0;0;;suv
www.REGALSECURITY.co.za;05-03-2023;;;0;0;;suv
;;;;0;0;;suv
Trade Price List;;;;0;0;;suv
SURVEILLANCE;;;;0;0;;suv
Our Code;Item Description;Retail Excl VAT;Trade Excl VAT;#VALUE!;#VALUE!;;suv
UPS POWER BACKUP;;;;0;0;;suv
PS63;UPS - 1.2KVA 600 Watts 2 x 12V 7Ah Int;2279;1595;2620.85;1834.25;pow;suv
PS63-1;UPS - 700VA 360 Watts 1 x 12V 7Ah Intern;1140;798;1311;917.7;pow;suv
PS63-2;UPS - 2KVA 1200 Watts 2 x 12V 9Ah Intern;3279;2295;3770.85;2639.25;pow;suv
PS63-3;UPS - 3KVA 1800 Watts 4 x 12V 9Ah Intern;5713;3999;6569.95;4598.85;pow;suv
PS84-1;UPS Inverter 1000W with 100Ah Battery;12483;8738;14355.45;10048.7;pow;suv
;CCTV SURGE PROTECTION;;;0;0;;suv
CC25;CCTV Line Surge Protector CVBS & HD-TVI;412;283;473.8;325.45;protection;suv
CC53;CCTV Ground Loop Isolator HD;275;142;316.25;163.3;protection;suv
LT01-1;Single Ch Surge Protector 10-100Mbps;404;275;464.6;316.25;protection;suv
LT02-2;Single Ch Gb Network Surge Protector;468;319;538.2;366.85;protection;suv
LT02-12;12 Ch Network Gigabit Surge Protector;4943;3460;5684.45;3979;protection;suv
LT02-12P;12 Ch Network Gigabit Surge Protect PoE;6923;4846;7961.45;5572.9;protection;suv
LT02-24;24 Ch Network Gigabit Surge Protector;8150;5705;9372.5;6560.75;protection;suv
LT02-24P;24Ch Network Gigabit Surge Protector PoE;10078;7054;11589.7;8112.1;protection;suv
;LIGHTNING & SURGE PROTECTION;;;0;0;protection;suv
Our Code;Item Description;Retail Excl VAT;Trade Excl VAT;#VALUE!;#VALUE!;protection;suv
;"SURGE PROTECTION; MAINS; INTERCOM; MOTORS & DATA";;;0;0;protection;suv
LT03;CL Data Protect 10 Way Intercom 15VDC;516;361;593.4;415.15;protection;suv
LT04;CL 1 Zone Electric Fence Protection + AC;1848;1293;2125.2;1486.95;protection;suv
LT05;CL Mains Protect Series Surge Tube 10A;290;203;333.5;233.45;protection;suv
LT07;CL Multiplug 4 x 16A 3Pin & RJ11 Network;792;554;910.8;637.1;protection;suv
LT08;CL Multiplug 4 x16A and 4 x 2Pin;612;428;703.8;492.2;protection;suv
LT08-2;CL Multiplug 4x16A 3Pin & 4x2Pin + DSTV;990;693;1138.5;796.95;protection;suv
LT09;ZAP2 - 2 wire 220V Mains Protect;226.8;168;260.82;193.2;protection;suv
LT10;ZAP3 - 3 Wire Live Neutral Earth Protect;150.11;115;172.6265;132.25;protection;suv
LT11;CL Mains Protect 16A Std Plug LED;130;91;149.5;104.65;protection;suv
LT12;CL Mains Protect 16A Dedicated Plug LED;156;109;179.4;125.35;protection;suv
LT13;CL Inline HDMI Protector;676;473;777.4;543.95;protection;suv
LT14-1;BPT Lightning Protect LP-7;340.2;252;391.23;289.8;protection;suv
LT17;CL Mains Tele Protect Socket 16A Plug-in;500;350;575;402.5;protection;suv
LT18;Lightning Protection Module RAS;49;33;56.35;37.95;protection;suv
LT20;CL Mains Protect Socket 16A Plug-in;598;418;687.7;480.7;protection;suv
LT20-1;CL Mains Fridge Protect Socket 16A;795;556;914.25;639.4;protection;suv
LT21;CL DB Board Single Phase Surge Arrestor;1748;1223;2010.2;1406.45;protection;suv
LT21-1;CL DB Board Single Phase SS25 Surge Ast;308;215;354.2;247.25;protection;suv
LT21-2;CL DB Board Single Phase SS40P Surge Ast;438;306;503.7;351.9;protection;suv
